label,x_px,y_px,area_px,color_l,color_a,color_b,circularity,eccentricity,extent,vari,gli,gap_fraction,solidity,cluster_id,is_tree,lat,lon
1,1462.5414538310413,51.98094302554028,5090.0,38.676751553185134,-18.70166426281283,19.471204547932892,0.5078078413755552,0.7957067869700166,0.616969696969697,0.32973646926785105,0.23212268493149232,0.3483300589390963,0.8355219960604071,-1,False,,
2,1494.7557142857142,61.89142857142857,700.0,28.124398108157518,-14.876288333430487,9.740372804234115,0.3217388352167473,0.9915937290408855,0.9210526315789473,0.55448212005198,0.24233646426416403,0.19999999999999996,0.9655172413793104,-1,False,,
3,1483.0442443226311,597.347689898199,2554.0,46.2962233479382,-32.882188261187316,41.12040319929276,0.5172737157371647,0.8728379017721192,0.766966966966967,0.35813905349542435,0.44894517515038457,0.1566170712607674,0.8923829489867225,-1,False,,
4,1395.6831132731063,598.0990271021543,5756.0,41.66300822867377,-31.907448558980523,36.73196001354503,0.5506477442995447,0.5458317350417841,0.7029799706888129,0.4638625456493016,0.47013836476807513,0.10215427380125086,0.8783763161910575,-1,False,,
5,1411.9616538131963,86.70715509854327,4668.0,38.98427263849091,-18.470336899565268,22.384310117140213,0.45923654153727234,0.4496180854307069,0.5703812316715543,0.29179782977185253,0.2462135586315896,0.32112253641816624,0.784801613987895,-1,False,,
6,1072.0168150346192,599.4277942631059,4044.0,48.501147033587664,-35.98093879144256,44.59764628021639,0.5368681691304245,0.39155103134572816,0.7384952520087655,0.3896921172030602,0.47833154500857306,0.10558852621167159,0.8678111587982833,-1,False,,
7,878.9494089834516,14.814184397163121,2115.0,33.71033194144497,-22.434482270191456,21.727149256486513,0.577599082022248,0.9060584481748168,0.762987012987013,0.4438631401751763,0.3502645556918449,0.13853427895981085,0.8939137785291631,-1,False,,
8,1274.8024236037934,603.9062170706006,1898.0,41.6173435610598,-34.31102574474295,38.3833774060997,0.5889627889438664,0.8254689113592282,0.5991161616161617,0.48028987442762505,0.513780744587345,0.05690200210748153,0.8642987249544627,-1,False,,
9,1307.0920593368237,623.6335078534031,2292.0,46.98205008505693,-33.62666003634196,42.26200320743718,0.6256942767807764,0.6480306776250345,0.6614718614718614,0.36067767169758885,0.45413121761815917,0.1361256544502618,0.8852838933951332,-1,False,,
10,967.6078871433151,157.46970182750883,3119.0,36.20032691626794,-20.564628932091942,22.362489895812857,0.5573755493728302,0.6391925223402526,0.628323932312651,0.3276120649854336,0.2971842883836446,0.2420647643475473,0.8651872399445215,-1,False,,
11,1194.6208897485494,618.9806576402322,1551.0,40.22484739360227,-30.643336792192244,35.016413954919706,0.4696713542278527,0.905225130968375,0.5201207243460765,0.438460164742459,0.45861197532251297,0.08768536428110896,0.7790055248618785,-1,False,,
12,1035.604190919674,14.70139697322468,1718.0,22.82075198012175,-10.720777343491976,6.976098777696149,0.49710739600468207,0.8498343612853965,0.6850079744816587,0.26870471703612847,0.15746476762612027,0.16414435389988358,0.8475579674395659,-1,False,,
13,1147.7087591240877,593.9036496350365,1370.0,39.22361640038092,-34.940703495686414,37.7013034148728,0.7081725989901997,0.7813506226994276,0.6676413255360624,0.5372006181817855,0.5688375774635016,0.03576642335766422,0.9448275862068966,-1,False,,
14,12.338915470494419,590.0223285486443,1254.0,68.74150768526941,-44.95128176299437,65.23419339942023,0.638049986112834,0.830869399218372,0.7084745762711865,0.2665318796415613,0.4793184084589021,0.20733652312599682,0.9193548387096774,-1,False,,
15,1167.3340782122905,614.3296089385475,895.0,49.29821399633823,-40.138098231336215,47.84042007808393,0.6409301402661827,0.7684517781314957,0.6142759094028827,0.4200008379846978,0.5462820488647375,0.04469273743016755,0.9460887949260042,-1,False,,
16,895.8324974924774,584.5957873620863,1994.0,48.12373414922867,-32.49961999589956,42.73791858707606,0.6646397540068527,0.5201916979558566,0.7108734402852049,0.3233470201843541,0.4253803962914492,0.17201604814443328,0.8994136220117276,-1,False,,
17,1379.087542087542,52.70875420875421,1188.0,38.873402336659154,-21.27561675364198,20.66163327860072,0.6154479353613165,0.7286882940871978,0.6906976744186046,0.3710347966068371,0.28130228175257993,0.265993265993266,0.8583815028901735,-1,False,,
18,1002.5036567528035,402.46026328620184,2051.0,35.71794696811476,-22.172884418385156,23.263276295019686,0.6078019550328279,0.4273926749374729,0.6540178571428571,0.4459512920161098,0.3384493542685269,0.1647976596782057,0.8798798798798799,-1,False,,
19,989.265383293228,340.82399449982813,2909.0,33.31728674803882,-20.95444331482839,22.06104675714227,0.4769905818996429,0.7867093090755548,0.6659798534798534,0.42014955692364614,0.3392635465306017,0.1684427638363699,0.8371223021582734,-1,False,,
20,1074.4015865146257,407.3936539414973,2017.0,32.989170817860455,-20.97500764284323,22.887602408887552,0.5089017479438213,0.4785881352418246,0.5616819827346143,0.439144193548035,0.33976176292642424,0.15567674764501738,0.846767422334173,-1,False,,
21,765.5877367896311,586.9212362911267,2006.0,52.92981289834902,-41.69485882325884,49.99114081610732,0.5680812154283217,0.68189377829242,0.626875,0.4078451490116975,0.5285728938751302,0.07726819541375873,0.8767482517482518,-1,False,,
22,1208.9134948096885,601.7058823529412,578.0,43.975952916332176,-35.918943134537706,40.413710395282465,0.5736208133805456,0.9486545608836165,0.7135802469135802,0.5026078980325828,0.5096900257117608,0.05363321799307963,0.8757575757575757,-1,False,,
23,608.5552689756817,94.82903463522476,2714.0,37.51093705128902,-23.901765044236882,25.775085449710975,0.531643593836623,0.635408025922433,0.6058035714285714,0.40799415520582466,0.3601809848740274,0.18533529845246866,0.8384306456595613,-1,False,,
24,1224.5138023152272,587.6892252894033,1123.0,47.840522743073315,-36.17388366139475,43.57208113739984,0.5938519272821509,0.8893531405005148,0.7036340852130326,0.3931749481525362,0.48079150238423507,0.11487088156723069,0.8746105919003115,-1,False,,
25,1134.132132132132,409.32732732732734,1998.0,28.58130934860074,-17.000567299468944,15.477484895083357,0.5538046507951105,0.3622604919349059,0.6613704071499503,0.46985219387772,0.3026181719959476,0.1511511511511512,0.8387909319899244,-1,False,,
26,1157.7887887887887,566.2582582582583,999.0,52.21628476512377,-36.18439444368553,45.51367097610585,0.5840946922250262,0.7504085793503162,0.7494373593398349,0.3272816033826934,0.4207150434051548,0.11311311311311312,0.8545765611633875,-1,False,,
27,1249.968023255814,583.7151162790698,1032.0,48.699529759371536,-36.16067801123558,44.71590044564397,0.598307014695297,0.887348085356275,0.7087912087912088,0.3708845250914956,0.4749267925761005,0.12209302325581395,0.8753180661577609,-1,False,,
28,1342.11004784689,583.7216905901116,1254.0,50.71792954736108,-38.26417679773677,46.90282359187051,0.6154151035257588,0.7383748543965043,0.7256944444444444,0.380863249848524,0.5005563128460347,0.09808612440191389,0.8775367389783065,-1,False,,
29,1450.3644400785854,580.0952848722986,1018.0,52.33010712088573,-37.107371907787446,46.69288324781246,0.679050923665287,0.8231184670788326,0.8157051282051282,0.35988688442585276,0.46928484973539775,0.193516699410609,0.9305301645338209,-1,False,,
30,854.9124513618677,608.1251621271076,1542.0,47.44629848044406,-37.553681601050876,46.67690842757614,0.6431187739973244,0.7105088817704642,0.6598202824133504,0.407801565990799,0.5406401975880027,0.06874189364461736,0.8771331058020477,-1,False,,
31,929.6791620727673,583.7905181918412,907.0,52.226267826630355,-36.06834083031517,47.71883324718745,0.5323223887309223,0.8852812345704122,0.658200290275762,0.3360585548977605,0.4611431326236588,0.19625137816979055,0.8476635514018691,-1,False,,
32,180.6,9.466176470588236,680.0,37.95276313219761,-21.90942184874341,24.9115596229392,0.5720568522588733,0.8488707760310136,0.6875631951466128,0.3547798944746747,0.33109471352003955,0.24558823529411766,0.8729139922978177,-1,False,,
33,1157.3358348968104,220.5422138836773,1599.0,27.272345766070575,-13.968223012145646,11.600810252666388,0.5812834692751665,0.7101598017673364,0.6761099365750528,0.35966306621659594,0.20124254115199608,0.20700437773608504,0.8709150326797386,-1,False,,
34,1198.479702300406,333.77604871447903,1478.0,32.36367421852292,-18.0300728325548,19.75120510264479,0.6157132101908241,0.7196654185436866,0.6639712488769093,0.34969755015490356,0.2821793539732498,0.1562922868741543,0.8704358068315665,-1,False,,
35,1024.53807106599,589.6172588832487,985.0,39.267746160052816,-31.687993610248004,36.49603005576284,0.5102830103795425,0.6821592474190972,0.5760233918128655,0.4182370767224259,0.4837296750793602,0.03350253807106596,0.7641582622187743,-1,False,,
36,1177.004596191727,86.64281024294156,1523.0,31.96471073161632,-17.8753359847562,17.675461026829137,0.5826573241834907,0.5619430678471806,0.5857692307692308,0.37771537898258795,0.2685509144788081,0.17465528562048593,0.8508379888268156,-1,False,,
37,1276.5183290707587,395.75447570332483,1173.0,33.606896528818424,-21.59195522560391,21.483493456201263,0.5615388238407719,0.8198341241203885,0.634054054054054,0.44042057618943425,0.333961516137585,0.1457800511508951,0.8451008645533141,-1,False,,
38,1423.0401119402984,647.348880597015,1072.0,35.25847391444282,-24.090031647115683,26.934185904414736,0.5028133869297051,0.8324256077042878,0.5296442687747036,0.3750914678015788,0.3481121171240212,0.05597014925373134,0.794074074074074,0,False,,
39,198.27243330638643,591.1875505254649,1237.0,57.8891336064727,-42.90768400943532,54.204998767094565,0.6714457631344486,0.64590024497083,0.7068571428571429,0.35044031985941293,0.49829103894646165,0.08892481810832664,0.8989825581395349,-1,False,,
40,57.22890855457227,589.4525073746313,1695.0,46.99353333776895,-35.585349828811566,42.94627485881242,0.608489507793085,0.7814142290909039,0.6615925058548009,0.3841357805076602,0.46613684511993486,0.07433628318584073,0.8814352574102964,-1,False,,
41,425.6126224156692,594.4907508161044,919.0,60.40184477347863,-42.501759680708496,56.94286895318093,0.6738582165826714,0.656145991555165,0.7658333333333334,0.32189016207906707,0.48578630139700607,0.12622415669205655,0.8974609375,-1,False,,
42,8.633846153846154,8.36,325.0,34.314556097425836,-22.803984354415363,24.531614482211566,0.8301092542507222,0.23663528047910276,0.9002770083102493,0.40013556801355804,0.340871142745018,0.09846153846153849,0.9587020648967551,-1,False,,
43,808.1266339869281,589.8611111111111,1224.0,52.25321547992561,-36.30565159963217,48.631378352922276,0.5986092096516357,0.7315046195804304,0.640502354788069,0.3138779308525176,0.46032312020562055,0.14379084967320266,0.8631875881523272,-1,False,,
44,989.5980683506687,208.35512630014858,1346.0,29.35111922228251,-18.052844086255515,18.865571943109263,0.5458951610733811,0.28599165897361556,0.5852173913043478,0.3839759297702146,0.3277942351408768,0.15081723625557208,0.8449466415568111,-1,False,,
45,763.0621859296482,410.89195979899495,1592.0,30.147092649245284,-20.36637768094911,18.39149623093079,0.4914616723374518,0.847661153779231,0.5053968253968254,0.46305821011844445,0.3267848590065973,0.07412060301507539,0.8291666666666667,-1,False,,
46,937.5835390946502,285.7835390946502,1215.0,32.39330993506015,-21.071953145640336,20.95675372350844,0.5368284964249055,0.8046445859498627,0.5540355677154583,0.3969189891538012,0.31795634986533794,0.14732510288065848,0.8316221765913757,0,False,,
47,606.2588339222615,410.22173144876325,1132.0,29.46215478821646,-18.20107794805659,17.596778214257903,0.6382006526268607,0.7190227837182958,0.6550925925925926,0.40370431845158655,0.3130068641703892,0.1192579505300353,0.8829953198127926,-1,False,,
48,258.8415061295972,572.4001751313485,1142.0,56.220707536529055,-41.04891005895735,52.455915844979366,0.5976875411986726,0.6742419152419208,0.6206521739130435,0.3438691836626851,0.49056912153541726,0.12521891418563924,0.8446745562130178,-1,False,,
49,285.878985035784,447.4170461938842,1537.0,46.59423111232201,-29.503377689350632,37.76771424692483,0.46381239960283466,0.6199134273197524,0.5966614906832298,0.3150692187715019,0.3740354977019747,0.19193233571893298,0.782985226693836,-1,False,,
50,1171.4449378330373,137.38365896980463,1126.0,29.54917172582871,-17.603370029906603,17.353211548941907,0.7506362718271978,0.6090832098677036,0.727390180878553,0.3997399624615749,0.2965379779257681,0.16962699822380112,0.9214402618657938,-1,False,,
51,961.0498588899342,591.6669802445908,1063.0,46.351202167789076,-30.01424207516004,40.84963607658515,0.6549659066834682,0.5589582343851827,0.6822849807445442,0.30966200206476074,0.41912210911165426,0.21542803386641585,0.8806959403479702,-1,False,,
52,863.7102931152011,101.88548057259713,1467.0,32.70862969185895,-21.46729704632502,18.47092754100745,0.45586418175206855,0.5714529698244695,0.5868,0.518040385554356,0.32637838426350163,0.1165644171779141,0.7844919786096257,-1,False,,
53,813.5903709550118,452.431728492502,1267.0,42.14166432048222,-26.57526189201284,30.79493802724897,0.5581964954082433,0.5333166000013515,0.6557971014492754,0.34078504088104666,0.3462630418359339,0.16416732438831882,0.8401856763925729,-1,False,,
54,230.60498220640568,586.5527876631079,843.0,66.55159550084132,-46.384081277407134,62.768605027212125,0.6941788881473844,0.5409718514193386,0.7805555555555556,0.3013334841791138,0.4893125139556887,0.19335705812574144,0.9054779806659506,-1,False,,
55,391.26328125,306.5453125,1280.0,42.25171931425058,-26.572057940200814,31.558090990289042,0.5950696452748199,0.6129242614490891,0.5804988662131519,0.3660210255184211,0.357421371181772,0.19296875000000002,0.851063829787234,-1,False,,
56,1334.916149068323,409.1576086956522,1288.0,33.227354217793575,-18.208675471445762,20.958765749395244,0.5238153001160949,0.8352048755830801,0.6398410332836563,0.3451563723122134,0.27698400070939955,0.19409937888198758,0.8288288288288288,-1,False,,
57,1411.8665358194307,340.6751717369971,1019.0,33.754808533291744,-20.353197053869298,19.795357677659133,0.6185425790379275,0.5387913837038266,0.636875,0.395439022952751,0.2902870281042862,0.1629048086359176,0.8527196652719665,-1,False,,
58,1169.8502747252746,412.7184065934066,728.0,26.76886546809545,-16.455516546456895,16.954505101682606,0.7649996921841528,0.6346227296667946,0.8088888888888889,0.37246249183490465,0.276229176445158,0.19505494505494503,0.9442282749675746,-1,False,,
59,1306.0904522613066,406.5075376884422,796.0,28.049728065775973,-13.983226969135435,12.341188500682263,0.7186720293595631,0.6462712807939935,0.8274428274428275,0.37412096564564384,0.2230968360435779,0.22487437185929648,0.9266589057043073,-1,False,,
60,1349.5602503912362,6.981220657276995,639.0,23.774547983491406,-12.567124716594165,8.017439396751374,0.4213589279178883,0.9030590188559325,0.5186688311688312,0.4319202305285584,0.20427096438490683,0.06259780907668233,0.8542780748663101,-1,False,,
61,1443.8334901222954,144.29821260583256,1063.0,33.225916068920384,-18.460480357588978,18.353053624343563,0.6333707240296302,0.6680490679889389,0.7172739541160594,0.3792298917473764,0.28905956875988453,0.19849482596425216,0.8792390405293631,-1,False,,
62,1265.9664246823957,339.63702359346644,1102.0,32.107570534499985,-17.67116088097479,18.20405648953787,0.6181474585296926,0.7331682430818889,0.6904761904761905,0.3920636625728906,0.2922639572340488,0.16878402903811252,0.8670338316286389,-1,False,,
63,824.2211934156379,397.33539094650206,972.0,35.90181520754068,-22.630883362606426,24.04297730729599,0.5928374895403205,0.4237073034377081,0.5651162790697675,0.4049079386755027,0.3334181721172767,0.1635802469135802,0.8717488789237668,-1,False,,
64,876.404329004329,397.6935064935065,1155.0,36.75795193551907,-20.844124890779995,26.66305959345532,0.5472695881309452,0.7685005095169761,0.5585106382978723,0.2877700619802718,0.3123519879019944,0.19999999999999996,0.8486407053637032,0,False,,
65,403.9695885509839,601.8604651162791,559.0,49.43096350328798,-35.71730205277165,46.17594556522412,0.6998854482664596,0.7454679365018378,0.7364953886693018,0.34475902257377217,0.47006292550529694,0.11449016100178888,0.8987138263665595,-1,False,,
66,660.9323671497584,607.1980676328502,1242.0,52.04404886439384,-38.17819571434303,50.13207570006462,0.5137169819709059,0.7318783760755978,0.5645454545454546,0.3627590500598176,0.5218034679139102,0.1344605475040258,0.7992277992277992,-1,False,,
67,1457.0617551462622,387.8721560130011,923.0,27.826103935334206,-17.48570435040488,16.72324993845848,0.6215062238190051,0.4617616327283864,0.6236486486486487,0.4323139001947312,0.29963592886833934,0.08667388949079091,0.8650421743205249,-1,False,,
68,787.8011834319526,14.101775147928993,845.0,30.488948077518504,-17.95883887775602,13.760635344416297,0.6413844116808513,0.37577395984860257,0.7544642857142857,0.4977050041746811,0.2777893230319023,0.1775147928994083,0.8729338842975206,-1,False,,
69,1200.1102150537633,39.29838709677419,1116.0,41.10920850199246,-24.475846500624876,27.034169353033118,0.5092161564686923,0.518725417621294,0.5764462809917356,0.3714664303781097,0.31951049750997923,0.217741935483871,0.8005738880918221,-1,False,,
70,48.02009646302251,81.85289389067525,1244.0,39.593248885833674,-23.978590470627264,31.99421839695726,0.4753923028465125,0.4941049041860162,0.5634057971014492,0.31492702596763994,0.3542139675644888,0.21302250803858525,0.7721911855990068,-1,False,,
71,1444.7232037691401,336.43698468786806,849.0,29.817560228755575,-17.004700334308986,15.193673852276289,0.6314603295217023,0.6272670445909957,0.6748807631160573,0.39710354419519467,0.27462966950337137,0.13427561837455826,0.8680981595092024,-1,False,,
72,1317.378453038674,588.7403314917127,362.0,48.74794770064184,-37.24933147916309,46.08966146638234,0.6299689237155055,0.7739830761328523,0.5838709677419355,0.37731311033937814,0.49987284003535687,0.09392265193370164,0.863961813842482,1,True,,
73,704.4310618066561,54.74009508716323,631.0,41.01808320901772,-23.757322915787103,25.454889433123057,0.7143747981926752,0.7117171560437094,0.7620772946859904,0.32421348314206877,0.2948211354798329,0.22820919175911247,0.911849710982659,-1,False,,
74,1139.455,343.2225,1600.0,32.166642857512564,-19.138282474903576,18.97694893598485,0.4200096527943427,0.7937114178459865,0.5490734385724091,0.44418700167967473,0.2900441666209372,0.15249999999999997,0.7490636704119851,-1,False,,
75,1324.8694620253164,49.602056962025316,1264.0,31.259695848014537,-19.7688453169841,15.797990986958299,0.5036922117017263,0.8590136282123808,0.5088566827697263,0.45110901701264083,0.29745560960440387,0.14003164556962022,0.8421052631578947,0,False,,
76,493.70615034168566,591.9259681093394,878.0,50.22658084010747,-38.69936520278498,47.74588458168313,0.6363510639630873,0.69438624011585,0.6334776334776335,0.38614628772868653,0.512464343177702,0.08883826879271073,0.8565853658536585,-1,False,,
77,679.6444444444444,54.6037037037037,810.0,28.96176078089936,-20.114411154324525,16.71495923119742,0.5926461786032854,0.7870691758856959,0.6081081081081081,0.49618967963313615,0.3421056081885817,0.09382716049382711,0.8635394456289979,-1,False,,
78,924.6685912240184,165.86951501154735,866.0,27.711609427569762,-16.625052928678272,13.769289674852429,0.6441044115027023,0.7844444278957435,0.6786833855799373,0.4463877823358664,0.2734573258325784,0.13394919168591224,0.8565776458951533,-1,False,,
79,1070.7621419676213,214.88169364881693,803.0,31.343032719320664,-18.339696485141317,16.808386579480306,0.5328737504653441,0.5019555198179587,0.5576388888888889,0.4159064586291723,0.2825747289130021,0.15691158156911578,0.8160569105691057,-1,False,,
80,249.33653846153845,290.2625,1040.0,39.27378267090279,-21.042089820301005,28.960046144010335,0.4387918684269616,0.47348100069315213,0.5502645502645502,0.28856424923556356,0.31214373776411564,0.23076923076923073,0.7460545193687231,-1,False,,
81,1001.076062639821,274.09768829231916,1341.0,31.863565670979316,-20.0519909717596,21.190425854578844,0.4748959138211934,0.8354864579424368,0.573076923076923,0.3893974063213773,0.3260101936917299,0.12900820283370618,0.7764910248986682,0,False,,
82,814.6058763931104,335.8834853090172,987.0,35.51325241949485,-23.52513962695367,25.909184215336374,0.5357023951048333,0.5864898685172403,0.5751748251748252,0.3730569354616098,0.3480560161902738,0.12664640324214793,0.8170529801324503,-1,False,,
83,582.9558441558441,411.4961038961039,385.0,37.74841678763261,-23.34320410599622,24.48594702429304,0.7224328315260601,0.8418278187363366,0.7762096774193549,0.43516160462583814,0.32811119382257586,0.1662337662337663,0.9210526315789473,-1,False,,
84,450.4008016032064,599.4288577154308,499.0,48.25399765674872,-39.56586916079381,45.85958369246212,0.6578283279903324,0.6197619699159747,0.6618037135278515,0.4492235680172343,0.5441536763925591,0.064128256513026,0.8800705467372134,-1,False,,
85,739.1445639187575,116.0394265232975,837.0,33.87905730835647,-20.2807892616474,16.25982779920992,0.5751998887635191,0.6835202340832393,0.6585365853658537,0.4933730201125857,0.3111556245257751,0.21505376344086025,0.8320079522862823,-1,False,,
86,1050.876893939394,38.27840909090909,528.0,28.773684971778664,-18.608129981604474,13.446407411826465,0.6683945405599572,0.6864598271384885,0.6666666666666666,0.5518851896860835,0.29609709492687025,0.09848484848484851,0.8785357737104825,-1,False,,
87,835.4684014869888,41.05576208178439,807.0,42.12356130461208,-27.269059704418293,30.53126495427114,0.663388813091153,0.4718075869633039,0.7192513368983957,0.39324149476477355,0.3809385924164986,0.21189591078066916,0.8752711496746204,-1,False,,
88,987.9920508744038,240.38473767885532,629.0,29.685844320591652,-18.942638047230798,18.316631928960327,0.6334590397423456,0.562640784921906,0.677801724137931,0.4496990361255379,0.34795129130370855,0.1462639109697933,0.8420348058902276,-1,False,,
89,49.564331210191085,198.3528662420382,785.0,42.29342168214695,-23.047202011238383,32.88246412473687,0.5954569436242125,0.36312918449930964,0.6455592105263158,0.25269617517093185,0.3070013939675869,0.23566878980891715,0.8440860215053764,-1,False,,
90,1108.3471849865953,130.2828418230563,746.0,27.851405995315073,-17.089120959971975,15.166914875549356,0.5766389746098539,0.5394384917083644,0.5930047694753577,0.438739514632535,0.29913000508034276,0.10857908847184983,0.8335195530726257,-1,False,,
91,1051.6995884773662,226.35802469135803,486.0,25.924590692032492,-15.663959368069364,11.568737848272226,0.5940133175600603,0.8404924119954377,0.5841346153846154,0.49847794561014497,0.277699651279,0.13580246913580252,0.8663101604278075,1,True,,
92,561.6928838951311,415.4968789013733,801.0,29.55408195437232,-16.73054008610154,19.26751580664397,0.5473900387232369,0.824606835010495,0.6068181818181818,0.3193608094820667,0.285469174122882,0.18476903870162298,0.8326403326403327,1,True,,
93,626.5929443690637,459.83175033921304,737.0,37.66565275227961,-25.383157366108904,25.20959434466551,0.6381660281566764,0.4989161893152391,0.7019047619047619,0.3961149068748935,0.33824272060531774,0.05834464043419263,0.8579743888242142,-1,False,,
94,1193.728121353559,214.75379229871646,857.0,35.959870852718296,-19.09479674268914,20.556799481160542,0.54741570590265,0.619458362511942,0.5771043771043771,0.3375424101835719,0.2710908871652643,0.2427071178529755,0.8264223722275795,-1,False,,
95,443.57937584803256,358.8914518317503,737.0,38.11779724268848,-22.3634511626304,29.37868603826059,0.5922204497992629,0.3605181602676398,0.6992409867172675,0.2875485003520223,0.3305230694424912,0.16282225237449122,0.829954954954955,-1,False,,
96,1194.4282407407406,148.76388888888889,432.0,42.246515838594235,-23.99998025107879,23.663336810029406,0.5537531997230527,0.8775951141436168,0.5837837837837838,0.3449813628707219,0.2916687137136857,0.2847222222222222,0.8074766355140187,1,True,,
97,1220.9591598599766,401.66511085180866,857.0,39.25352263908539,-22.38674600973598,28.219159801152614,0.5964884008627034,0.7542231786396976,0.6334072431633407,0.30441210383295036,0.33143315974801185,0.2392065344224037,0.8401960784313726,-1,False,,
98,986.189111747851,588.2750716332379,349.0,49.13357332287864,-34.23866243641324,43.11850275639863,0.5724691377243524,0.686753172353415,0.6391941391941391,0.3281508261887597,0.4309814358850605,0.166189111747851,0.7913832199546486,1,True,,
99,1126.0287769784172,90.97242206235012,834.0,34.541129418445045,-23.667410157754727,25.687480113068357,0.5722356681020775,0.7742831930343007,0.6270676691729323,0.38523357032800465,0.3705294916419674,0.11750599520383698,0.8501529051987767,-1,False,,
100,914.2655246252676,277.6038543897216,467.0,32.39666166737464,-14.741873665311585,16.45443795818624,0.623097496885873,0.35059080252571195,0.5765432098765432,0.2402157641815648,0.23362991594553903,0.27408993576017127,0.8429602888086642,-1,False,,
101,699.0291079812207,401.2948356807512,1065.0,38.20944838956057,-24.573696767345286,24.130827803296338,0.5359339203269013,0.7889738861401868,0.5810147299509002,0.44653270134063955,0.3484518091907034,0.17652582159624408,0.8339859044635866,0,False,,
102,1192.9950331125829,414.96854304635764,604.0,21.852597595048977,-10.758871452204275,2.527075810742434,0.6427396342817292,0.7644991373321807,0.6637362637362637,0.4328780726511155,0.18908478720159894,0.16556291390728473,0.8728323699421965,1,True,,
103,505.7431506849315,420.88013698630135,876.0,44.29559566074652,-25.128171427079554,35.75534511946854,0.5121365333718845,0.6894786893983885,0.5622593068035944,0.261657300237226,0.34766630960211636,0.2557077625570776,0.7934782608695652,-1,False,,
104,678.1358974358974,159.2846153846154,780.0,32.48361925256165,-21.601011552303817,17.583901872382647,0.5980815749075216,0.7380477085390652,0.6794425087108014,0.5123648807119865,0.3236556249933365,0.09743589743589742,0.8432432432432433,-1,False,,
105,1332.7760358342666,281.5811870100784,893.0,38.007686812721545,-24.20721697156597,29.933431306122245,0.5595931838098412,0.6165126741886241,0.5798701298701299,0.31353661824958473,0.3581757151833574,0.13773796192609178,0.8299256505576208,-1,False,,
106,1215.1645746164575,695.3849372384938,717.0,32.85158481688428,-20.57949228864767,26.49127739117485,0.6320368664384172,0.7106243685795365,0.569047619047619,0.2819065909359911,0.32691831604903626,0.04323570432357038,0.8597122302158273,-1,False,,
107,1399.4179104477612,401.82182835820896,1072.0,32.76240741806746,-21.770229805230123,24.805946745503558,0.50945898423893,0.826859388687344,0.5563051375194603,0.39716648201479005,0.37181662949177424,0.1147388059701493,0.8239815526518063,0,False,,
108,579.8708860759493,4.931645569620253,395.0,36.424746777819884,-26.418381229964883,26.40265469068207,0.41066397102581337,0.9354757613215774,0.5610795454545454,0.46331952131247217,0.40856145963638646,0.08101265822784809,0.8315789473684211,1,True,,
109,85.5,20.81451612903226,868.0,38.938135114176944,-22.774656088615014,28.10724070151547,0.3595838924907151,0.6443758343464534,0.44285714285714284,0.32067954840679325,0.32040077593598154,0.2108294930875576,0.7,-1,False,,
110,228.43650793650792,77.43990929705215,882.0,45.35213251137053,-23.781460213203793,33.4812490200575,0.48796694218208325,0.8093046966698434,0.5011363636363636,0.2590606796952247,0.30211989049611787,0.3117913832199547,0.8010899182561307,-1,False,,
111,1040.2932628797887,95.58388375165126,757.0,29.372711784486278,-13.615029926729205,11.58514360488692,0.4748460742446352,0.7135985941021661,0.5549853372434017,0.342250855867794,0.20073720726616376,0.26023778071334214,0.7860851505711319,-1,False,,
112,967.19955654102,396.03325942350335,451.0,45.50605938435749,-32.43924597693778,38.95840882071185,0.6754832988200314,0.5801326966155246,0.7592592592592593,0.36861203217717864,0.45011387209918047,0.1707317073170732,0.874031007751938,-1,False,,
113,879.7669172932331,262.77568922305767,798.0,48.70333079597714,-31.954804725921097,39.45363606378633,0.4761337185641217,0.878399850746529,0.5253456221198156,0.3369368876080801,0.39889890933992866,0.2506265664160401,0.76,-1,False,,
114,936.0238095238095,453.6374458874459,924.0,42.663430056524625,-28.116792838277984,33.20242001354186,0.4621365550411249,0.7145966863039713,0.5116279069767442,0.3481160890294876,0.3799838779566737,0.14826839826839822,0.7530562347188264,-1,False,,
115,1115.085545722714,592.4454277286136,339.0,50.846941594353204,-38.09689071678277,46.031359681871386,0.7530457982821082,0.732676379782583,0.8475,0.3914024063707453,0.4920662716250856,0.10619469026548678,0.9287671232876712,-1,False,,
116,281.21863799283153,595.1935483870968,558.0,34.72436599968171,-27.517729578480672,28.875622905304823,0.6546128956456557,0.4938281984082627,0.687192118226601,0.5460250523195045,0.4453457925321808,0.08064516129032262,0.878740157480315,-1,False,,
117,1117.8275862068965,240.83087027914615,609.0,37.457738514869575,-20.9925732967407,23.734800224316498,0.6326710462427636,0.4977421974862563,0.5947265625,0.3353376565149363,0.27737453702243875,0.19704433497536944,0.8626062322946175,-1,False,,
118,1397.9982332155478,278.97703180212017,566.0,32.56063663287364,-18.696282802624594,19.826483153206617,0.6320225463081497,0.5831358433844211,0.6316964285714286,0.38795448156968815,0.304713480541476,0.18374558303886923,0.848575712143928,1,True,,
119,810.3380281690141,49.541247484909455,497.0,40.51007048878975,-25.958356369216297,30.118818363063333,0.6538448976978614,0.5413134690907441,0.6902777777777778,0.36525119986512533,0.3711983353814009,0.20120724346076457,0.8466780238500852,-1,False,,
120,1349.1937984496124,337.5348837209302,516.0,29.266511926993005,-20.77586194536006,20.177584896896686,0.7182917499303499,0.527538681591548,0.7350427350427351,0.47059293258790824,0.36644399356432694,0.04844961240310075,0.8942807625649913,-1,False,,
121,171.18075117370893,587.5446009389672,426.0,44.86917749670195,-33.61054422922216,41.45565385545481,0.6187848783890206,0.7202878748727518,0.6761904761904762,0.36083943239400085,0.4549523962425514,0.035211267605633756,0.848605577689243,1,True,,
122,311.22100313479626,594.9749216300941,638.0,40.54995343703308,-28.492456594985793,35.16755934338293,0.6108010379649359,0.4587102428524539,0.5562336530078466,0.39650833328782953,0.4286391187260704,0.12539184952978055,0.8394736842105263,-1,False,,
123,1165.1470588235295,686.4133986928105,612.0,46.21715839784216,-31.035198605938614,43.1686335803363,0.6290687574267186,0.7969587334384668,0.6891891891891891,0.2901639061967775,0.42800429402211426,0.10457516339869277,0.855944055944056,1,True,,
124,383.74375,593.3979166666667,480.0,44.39894869419554,-30.21696404914514,39.51734101982691,0.6716042573238891,0.7288421804925992,0.7272727272727273,0.3477210311529537,0.41680635053974885,0.11041666666666672,0.8759124087591241,1,True,,
125,1325.9961089494163,139.92866407263296,771.0,27.0881072455004,-14.930018710319374,11.670565172570493,0.5553011652814104,0.8329277778358934,0.5475852272727273,0.4274648349012228,0.2561644774978804,0.1089494163424124,0.8281417830290011,1,True,,
126,1358.7798165137615,396.45871559633025,327.0,36.34667684661215,-21.736963403384834,22.917857159929355,0.701664071538678,0.8522701256294268,0.7047413793103449,0.35543409840912993,0.29782955214062234,0.16819571865443428,0.8885869565217391,-1,False,,
127,1256.4496644295302,408.8948545861298,447.0,20.27889657628947,-10.356388586280934,6.524432559258857,0.6093468991621317,0.8169158769920287,0.6008064516129032,0.4562979978436325,0.21765173246596484,0.10738255033557043,0.8370786516853933,1,True,,
128,1433.58215010142,289.16430020283974,493.0,27.582313367283856,-14.610814013541418,12.191322240578124,0.6724660306351669,0.42022155352247925,0.6071428571428571,0.4115669880870873,0.22024912019042983,0.11967545638945232,0.8756660746003553,-1,False,,
129,1323.6370839936608,342.3502377179081,631.0,28.655482355293113,-15.304491924946387,15.938462058454746,0.6257561653597926,0.6116105182989882,0.5623885918003565,0.33834830114821624,0.24408151597159483,0.11568938193343903,0.8788300835654597,-1,False,,
130,390.82754182754184,423.0888030888031,777.0,31.93390272953779,-16.918564280088226,23.10002415268258,0.5408068698603506,0.7490167005872435,0.5414634146341464,0.23252097975961297,0.2688573997538474,0.11583011583011582,0.8161764705882353,1,True,,
131,1004.876923076923,450.66153846153844,520.0,37.73066956940619,-23.243120783063326,26.508330701142516,0.6482939953978503,0.6590068965302165,0.625,0.3703574580570253,0.34636737927078054,0.1461538461538462,0.8652246256239601,1,True,,
132,1157.3880866425993,765.4332129963899,554.0,31.568667962175883,-14.954558342397863,17.406732607356886,0.6186227750083302,0.5737277340149985,0.6456876456876457,0.32180358551523314,0.21006840566637175,0.15703971119133575,0.8458015267175573,-1,False,,
133,1472.7810383747178,146.32957110609482,443.0,30.292926275001175,-16.089109062064832,15.74514184946292,0.6839347701003164,0.517767802044333,0.7383333333333333,0.4077039407419028,0.24600090045254872,0.1828442437923251,0.8568665377176016,-1,False,,
134,623.6106870229007,222.6008724100327,917.0,38.559904946969,-25.545652065025603,24.87193051005674,0.44537093877780926,0.881942926970538,0.5448603683897801,0.4336603703129642,0.33988661093753125,0.1439476553980371,0.7830913748932536,0,False,,
135,554.7217741935484,328.19354838709677,496.0,36.174941874962684,-24.661947677739807,26.202963221802513,0.6664958371492196,0.6132128704879672,0.62,0.3714963041185852,0.3428642254533066,0.032258064516129004,0.8671328671328671,1,True,,
136,151.34831460674158,433.5730337078652,801.0,46.977166697940326,-29.645484167724874,38.05322813392145,0.5061205149177489,0.7969924286626212,0.5821220930232558,0.31414703626683294,0.3753346633096313,0.24094881398252188,0.7922848664688428,-1,False,,
137,726.8303167420814,56.38461538461539,442.0,30.730729844216636,-17.178815168291184,7.651740769186106,0.7278690046948649,0.6584426376562703,0.6548148148148148,0.4488882774074153,0.283197856128397,0.23303167420814475,0.8857715430861723,-1,False,,
138,1213.0269662921348,151.8808988764045,445.0,32.13226665056723,-17.853723443842515,16.081074755829164,0.5503069295072839,0.5153567636996386,0.5933333333333334,0.36613099481282607,0.2658881344277872,0.17528089887640452,0.8135283363802559,-1,False,,
139,555.5027855153203,158.71030640668525,718.0,36.55138409303492,-24.53412257650565,26.28046270238542,0.4673007307186486,0.6251411173129742,0.5472560975609756,0.37563346297295974,0.36164180984756905,0.14623955431754876,0.7846994535519126,1,True,,
140,1311.0805084745762,223.4632768361582,708.0,25.117994155749212,-13.641742014976089,11.145150833504767,0.3468164035745664,0.5004882431958357,0.4555984555984556,0.47475832180346306,0.2509718965133915,0.09322033898305082,0.6604477611940298,-1,False,,
141,918.4353982300885,235.65486725663717,565.0,28.545279919354265,-14.664728070666861,19.691787553649846,0.6183564143933835,0.7988072822686579,0.5903866248693835,0.23524395121772468,0.2924078094995523,0.1539823008849558,0.8665644171779141,1,True,,
142,391.47759433962267,239.12735849056602,848.0,43.679742063553974,-27.5822782794391,33.81590512795547,0.4487723183434592,0.8352611498711131,0.5306633291614519,0.32948183361440897,0.3617395516320237,0.2264150943396226,0.736750651607298,-1,False,,
143,753.2496050552922,280.51974723538706,633.0,36.902868747917545,-23.86378602789733,23.8367057971448,0.4943734173545812,0.45031042593836945,0.6381048387096774,0.462763719496098,0.3467287740811388,0.18483412322274884,0.7663438256658596,-1,False,,
144,1374.7408256880733,278.24311926605503,436.0,39.57316886481836,-19.9199058398664,27.066771824843777,0.5362136485879063,0.6104701084643452,0.5568326947637292,0.28441772758939365,0.299163899384439,0.27752293577981646,0.7912885662431942,1,True,,
145,1194.857142857143,279.6873949579832,595.0,29.285686271573717,-17.627975712362357,16.896154116477458,0.5327512065552623,0.41402264423697843,0.53125,0.40777445423002,0.3053535659586181,0.10756302521008398,0.7912234042553191,-1,False,,
146,826.2690839694657,906.7652671755725,524.0,30.69118317416185,-19.365763232501457,17.67764008384498,0.5477800161727184,0.7032944523629794,0.5475444096133751,0.4250853417142657,0.3034965089728473,0.09732824427480913,0.8343949044585988,1,True,,
147,916.2974789915967,67.63193277310924,595.0,30.625717151627324,-17.575474116531204,16.64145395556176,0.4460686484855101,0.25834020440548294,0.5008417508417509,0.3629973653735233,0.27279397887216894,0.20840336134453785,0.7400497512437811,-1,False,,
148,906.63133640553,184.64976958525347,434.0,25.768068158330102,-14.333480099823952,13.483675519074074,0.6284829645336523,0.8413477226458579,0.6363636363636364,0.2352755554535422,0.26711548303365534,0.20046082949308752,0.8346153846153846,1,True,,
149,278.8115015974441,303.22843450479235,626.0,35.15092668343867,-21.088799709776065,22.482791352696513,0.5550057713384096,0.8747193750806033,0.5944919278252612,0.3783701149324259,0.31546904571791784,0.2028753993610224,0.833555259653795,1,True,,
150,1124.718820861678,448.76190476190476,441.0,41.0266529730738,-25.380949864559238,33.14179790441306,0.6619576994486162,0.7276137162542488,0.6336206896551724,0.32003781625202726,0.37401688041042985,0.17913832199546487,0.8698224852071006,1,True,,
151,869.0410447761194,333.4365671641791,536.0,37.92448596262138,-23.92450549726239,27.663582409627217,0.5739975349506882,0.6635917502065655,0.6160919540229886,0.3690915355848065,0.34372267622062797,0.20708955223880599,0.8133535660091047,1,True,,
152,794.7786561264822,42.42292490118577,253.0,23.502607951757188,-14.584085083105368,10.575874759140708,0.6256665789613931,0.8342656516218281,0.6588541666666666,0.5355093037716956,0.36377829157198843,0.15810276679841895,0.8489932885906041,1,True,,
153,696.0360169491526,274.260593220339,472.0,39.372515147453036,-28.48483432729184,30.893225070722007,0.5406619006277812,0.8703511954526221,0.5186813186813187,0.3974458714157848,0.39444407154569183,0.06355932203389836,0.8473967684021544,1,True,,
154,675.1016949152543,278.0484261501211,413.0,33.74827465232316,-22.439179972976454,23.411277860763594,0.6381212094365718,0.5856008272102567,0.6413043478260869,0.4562349704073936,0.35522771912647216,0.1404358353510896,0.8586278586278586,1,True,,
155,1113.4493006993007,288.84965034965035,572.0,31.80078249845395,-17.48551127573889,19.874996097786752,0.5648089688032886,0.8413731382903816,0.55,0.33018825018869624,0.2808681617603292,0.15909090909090906,0.8113475177304964,1,True,,
156,997.4641509433962,308.11698113207547,265.0,28.17491991844615,-17.587580009824094,17.483636147874083,0.7393436320038869,0.7842840844967368,0.6777493606138107,0.3402122288239452,0.26150512913206836,0.07547169811320753,0.8922558922558923,1,True,,
157,1492.8458149779735,437.94713656387665,227.0,39.87154029620722,-30.227324437871136,35.3863361623045,0.6657924490283628,0.452729888937516,0.6637426900584795,0.4247163618845036,0.4613471265537623,0.07048458149779735,0.8764478764478765,-1,False,,
158,699.3125,592.4761029411765,544.0,43.39227576019582,-30.707211428368154,40.26965340832256,0.5915783064422692,0.47268431845812486,0.6252873563218391,0.3444852963747347,0.46087747593136397,0.1341911764705882,0.8553459119496856,-1,False,,
159,1349.847317744154,774.9917469050894,727.0,41.906468643022215,-28.949074297163033,33.06927244979584,0.43046417241078166,0.8827278719892693,0.4438339438339438,0.40063156064553634,0.3941749484525504,0.12517193947730398,0.7433537832310838,-1,False,,
160,470.912,5.036,250.0,39.24889331618125,-21.98741057231641,27.598390815187372,0.6359655348760508,0.8990493953421331,0.7716049382716049,0.2950833721756935,0.31868916307762263,0.28400000000000003,0.8802816901408451,-1,False,,
161,1163.0168067226891,30.92016806722689,714.0,25.844997144801084,-13.704401283974354,12.851743647148389,0.49469005231857327,0.8858679093320759,0.4576923076923077,0.36253261045456264,0.24544544052202202,0.1512605042016807,0.7880794701986755,-1,False,,
162,919.3806451612903,133.88172043010752,465.0,33.81591874114837,-20.92189071113277,22.10164611369646,0.7375030353268809,0.7741488842727098,0.7288401253918495,0.3473491524937012,0.3058718031452548,0.16344086021505377,0.9135559921414538,-1,False,,
163,505.2516853932584,203.04044943820224,445.0,24.718556174014683,-15.240948655738286,14.328265711962015,0.7247347502579691,0.7359908660639082,0.712,0.3976274135574866,0.292072734389496,0.08764044943820226,0.9008097165991903,-1,False,,
164,928.6485507246376,216.19565217391303,276.0,42.66203952608328,-23.590487977233987,23.275627813690875,0.6682698662668387,0.7724987702663156,0.75,0.3528349933254978,0.28458025905749074,0.3442028985507246,0.8706624605678234,-1,False,,
165,906.1081081081081,401.8216216216216,370.0,46.06177983806754,-29.17248611202157,35.67263618203223,0.5868303721955829,0.521951769193834,0.7007575757575758,0.3321061162127031,0.36608892195933573,0.1945945945945946,0.8096280087527352,-1,False,,
166,736.8538283062645,33.361948955916475,431.0,31.15886884681751,-16.702880923371985,14.200428321457947,0.6025926862919527,0.750707132985479,0.6413690476190477,0.3639885426915992,0.2385570601130168,0.19025522041763343,0.8385214007782101,1,True,,
167,1458.7391304347825,263.6824769433465,759.0,32.710631282842435,-19.355603280228166,18.69612145725281,0.49817651272813146,0.8524957469664769,0.4928571428571429,0.4386284384135358,0.316184997503377,0.17786561264822132,0.8286026200873362,1,True,,
168,364.951768488746,590.8102893890675,311.0,52.8591184532059,-36.44731079597057,49.26563823965793,0.5954831435959094,0.8626347980096174,0.5695970695970696,0.30232732007549507,0.4487845404163434,0.13183279742765275,0.8474114441416893,1,True,,
169,848.1840909090909,66.35227272727273,440.0,39.319353959444534,-25.937269228643252,29.77451728329975,0.631145646326292,0.8584352334289294,0.6666666666666666,0.3926157970320095,0.39526354554532606,0.17727272727272725,0.859375,1,True,,
170,545.2447257383966,89.75527426160338,474.0,42.225558971068374,-24.9740561232005,26.87822928950202,0.6088256997467595,0.796968981395301,0.6171875,0.33536039747077706,0.311787765221631,0.21940928270042193,0.8389380530973451,1,True,,
171,14.619964973730298,135.74080560420316,571.0,34.216143959570694,-20.075838266630644,23.065091131074244,0.486604448272959,0.84530817967403,0.46048387096774196,0.31627437537584957,0.29830949290960557,0.1260945709281961,0.7768707482993197,1,True,,
172,1453.5776397515529,211.1097308488613,483.0,37.3597702752627,-21.041717417388654,22.344752451384146,0.5389796584821642,0.7289620801945913,0.5948275862068966,0.3386417479248521,0.27868093376666864,0.17391304347826086,0.8023255813953488,1,True,,
173,751.5576923076923,223.71449704142012,676.0,32.88761861148934,-21.976110935128734,19.6682019330872,0.5422786391537958,0.876187190094849,0.5442834138486312,0.48413754155385424,0.3609112025081516,0.1523668639053254,0.8223844282238443,1,True,,
174,163.03586497890296,242.14556962025316,474.0,36.846042838628705,-23.64239384531222,28.08408615963764,0.6016779408036345,0.8094258632251431,0.5851851851851851,0.33821404822768036,0.3492147136000201,0.120253164556962,0.8464285714285714,1,True,,
175,770.1075268817204,272.1182795698925,186.0,37.609753530259546,-28.210806807088428,29.539539110024077,0.7763400204632767,0.7410942363999794,0.6992481203007519,0.43046397996205155,0.41126832638376504,0.053763440860215006,0.9029126213592233,1,True,,
176,104.23962264150943,367.5037735849057,530.0,49.893073256857846,-27.589027681300255,42.09951465829954,0.5176195834782952,0.7205472029480919,0.6105990783410138,0.23765014660245967,0.35450926437657676,0.2867924528301887,0.8128834355828221,-1,False,,
177,7.106060606060606,419.5969696969697,330.0,36.66603460747888,-19.907548832415145,25.937848633074104,0.5295681868579927,0.804852681901824,0.5069124423963134,0.32472360332806904,0.29276570403440433,0.203030303030303,0.7517084282460137,1,True,,
178,302.6686991869919,657.7235772357724,492.0,51.080795852497566,-32.11488727350676,45.12032479152969,0.4808084252335527,0.8633001912484525,0.47126436781609193,0.2672324320377131,0.39720356597648404,0.19512195121951215,0.7834394904458599,1,True,,
179,1042.0141414141415,768.4363636363636,495.0,28.13662971113485,-14.301840338119554,14.39215406475368,0.6180006310455562,0.857984591149534,0.5978260869565217,0.35732627331156924,0.2120262642325175,0.08686868686868687,0.8792184724689165,1,True,,
180,378.74710424710423,834.942084942085,518.0,34.082536619695276,-18.113218442750746,17.66019190627925,0.6344586556422428,0.8154546921185192,0.6166666666666667,0.36083232283477157,0.2396752597363198,0.1505791505791506,0.8604651162790697,1,True,,
181,267.1536523929471,13.299748110831235,397.0,35.201964361355586,-22.923366445025042,24.407673385313377,0.6903000877652271,0.5479904969116216,0.6362179487179487,0.4058610123561071,0.35381592785756594,0.1360201511335013,0.8744493392070485,1,True,,
182,860.033033033033,133.63663663663664,333.0,36.59321316591457,-20.8542013273475,23.65677898452325,0.6284855324691427,0.6354944619377293,0.5873015873015873,0.37581871655789223,0.32365279092087046,0.3213213213213213,0.8560411311053985,1,True,,
183,349.39863325740316,422.4396355353075,439.0,44.417357252583194,-31.093523717161535,41.79249775681598,0.5351307086306926,0.7220877486154803,0.54875,0.32723502332773186,0.45510834007436973,0.12528473804100226,0.7701754385964912,1,True,,
184,73.48126801152738,51.68587896253602,347.0,43.6353701005601,-33.07650429313768,38.405884223233166,0.6510307659127152,0.6972564991685846,0.5901360544217688,0.39894282598832154,0.457210657597447,0.060518731988472574,0.871859296482412,1,True,,
185,109.5077519379845,127.61627906976744,258.0,42.59872440121019,-23.87922111009733,32.17003783382508,0.7990452352320164,0.5652394906622674,0.6825396825396826,0.28674337094606356,0.3340017781701199,0.2558139534883721,0.9052631578947369,2,False,,
186,326.3935389133627,241.12922173274598,681.0,37.39707006928225,-23.281845771020546,26.825867373591244,0.4113739391391431,0.8060734456656735,0.44891232696110744,0.34114184653969065,0.34504482504554784,0.19089574155653455,0.7123430962343096,-1,False,,
187,439.97843137254904,239.66666666666666,510.0,34.86945480275388,-22.31245956630878,23.737366362361854,0.4764235173200571,0.8406542058832454,0.5246913580246914,0.3927258013802416,0.327008163474281,0.14509803921568631,0.7715582450832073,1,True,,
188,1246.2184615384615,247.95076923076923,650.0,28.707695514305406,-16.754767713908155,16.17937646196746,0.44688501899773037,0.4075753361050031,0.5050505050505051,0.37869769185781477,0.2617011951884398,0.10307692307692307,0.7344632768361582,-1,False,,
189,54.467441860465115,448.8302325581395,430.0,50.40245236118617,-36.97383392111827,45.723751692887014,0.47060753661797333,0.7696225738004062,0.5137395459976105,0.3550137278992076,0.4680948576954908,0.0976744186046512,0.7375643224699828,-1,False,,
190,636.3663716814159,648.7150442477877,565.0,44.58457921579819,-28.743216902202384,37.90313857565909,0.41294102072996686,0.8857902138914086,0.5712841253791708,0.2964505091837022,0.386732265933425,0.16106194690265485,0.761455525606469,-1,False,,
191,1187.5277777777778,688.3611111111111,432.0,52.996459813777165,-37.72546739757044,48.50691027530189,0.5269666573691737,0.8653778872470838,0.5691699604743083,0.34301893002595063,0.4598799418244097,0.08564814814814814,0.782608695652174,-1,False,,
192,499.0104166666667,714.5859375,384.0,40.27452731808565,-23.13519005644844,34.01455701565406,0.700256761447098,0.7518158803862486,0.7111111111111111,0.23920887169758012,0.34034717732962844,0.11458333333333337,0.8707482993197279,-1,False,,
193,37.1900826446281,776.1322314049587,363.0,29.113711433600873,-13.824417129851208,16.50433330881567,0.6851058507096061,0.3798048247475038,0.7202380952380952,0.25306216524734315,0.19744388533104468,0.02754820936639113,0.8663484486873508,-1,False,,
194,1478.5436893203882,903.5873786407767,412.0,25.87088353201504,-13.088308018583737,6.560646192999195,0.6892535825954023,0.7613422307466287,0.6242424242424243,0.4933361261721375,0.17781996745525777,0.05339805825242716,0.8747346072186837,1,True,,
195,1402.7811158798283,951.5107296137339,466.0,30.444686775190906,-14.843082773287412,11.665460824972882,0.6027248687873936,0.8147525058844033,0.5648484848484848,0.38776153428360116,0.19058450425539342,0.13948497854077258,0.8321428571428572,1,True,,
196,73.23116883116883,111.77662337662338,385.0,44.484855451246545,-30.444139519516902,36.14322823450674,0.6068220716089108,0.6783688769924976,0.55,0.3599165227893111,0.394416246785746,0.1428571428571429,0.8208955223880597,1,True,,
197,1264.7853107344633,216.05649717514123,354.0,30.75323125462631,-18.551552832299443,17.081239987852005,0.5702128045573123,0.45020023292343087,0.5919732441471572,0.44208912285160545,0.2792472361171313,0.11299435028248583,0.7972972972972973,-1,False,,
198,363.5812720848057,456.15724381625444,566.0,48.320942986900995,-31.90679863069112,40.88618051602587,0.5373090811939766,0.7181904062760739,0.519742883379247,0.3005611852153662,0.38895038163203866,0.13957597173144876,0.8016997167138811,-1,False,,
199,83.75283446712018,628.81179138322,441.0,55.83090497244531,-39.336906035177215,51.45442911372849,0.49112464719755666,0.7158320186402995,0.5653846153846154,0.31797641208247535,0.4643779239889716,0.11337868480725621,0.7289256198347107,-1,False,,
200,919.7162977867204,39.668008048289735,497.0,21.947675340320448,-13.496198442908273,8.974563850535187,0.5897077660940739,0.800598256148601,0.6355498721227621,0.4091370854136989,0.23750838335093777,0.08450704225352113,0.8352941176470589,1,True,,
201,1245.876675603217,69.29490616621985,373.0,35.50278791792459,-21.41984605954284,22.200200205235888,0.5598871244769474,0.5455918653217167,0.6006441223832528,0.33048623290921664,0.2959542453049335,0.12064343163538871,0.8126361655773421,1,True,,
202,565.1853281853282,92.77220077220078,259.0,34.9998655965904,-25.089469882965656,27.98552863138851,0.7116460252313356,0.4855837077356068,0.6925133689839572,0.3916994252720395,0.386648786976991,0.061776061776061764,0.875,-1,False,,
203,126.15333333333334,128.47666666666666,300.0,40.28791750319619,-22.884832666429137,27.242237508277572,0.7126166263039189,0.4573694601473225,0.7142857142857143,0.30540899384456377,0.2979698533937335,0.22999999999999998,0.872093023255814,-1,False,,
204,193.19594594594594,308.0022522522523,444.0,40.060141854372304,-26.15240385504728,33.366357295297156,0.4694551450678942,0.4674429753226635,0.49333333333333335,0.312551726880777,0.3841974710424741,0.11486486486486491,0.7314662273476112,-1,False,,
205,40.80728051391863,321.3811563169165,467.0,47.34529983139763,-29.90087279508618,41.01693073521875,0.5352976962618052,0.6550799653886048,0.566060606060606,0.2834508587751833,0.39691501684841846,0.20556745182012848,0.820738137082601,1,True,,
206,105.25,449.4868421052632,532.0,45.862610516240636,-33.2479340096236,39.55986289121488,0.42327509105167704,0.7555457216637127,0.48717948717948717,0.38190989005834536,0.442702757124614,0.07518796992481203,0.73582295988935,-1,False,,
207,174.27920227920228,464.88034188034186,351.0,43.208154856957314,-25.54937644553866,27.868601125155305,0.7004299005212548,0.564865816272238,0.6635160680529301,0.35102271566703447,0.2998974300029441,0.18803418803418803,0.8841309823677582,1,True,,
208,728.763202725724,696.09199318569,587.0,50.323323133165935,-33.97629124478085,46.98434425233363,0.43702949744500996,0.7632270807944819,0.46810207336523124,0.2926755021730822,0.44153360815185677,0.131175468483816,0.7237977805178791,-1,False,,
209,328.37,5.42,300.0,36.32290483832016,-21.596061397616285,22.64093072168224,0.46352630225416835,0.9309522910041338,0.5190311418685121,0.3554910216232141,0.3092897179722786,0.18333333333333335,0.7537688442211056,1,True,,
210,174.7921568627451,26.55686274509804,255.0,33.55222636299114,-22.53347562694331,27.247280065115206,0.7203077842347604,0.404894724835787,0.7083333333333334,0.3982485385502086,0.3954815203287438,0.1568627450980392,0.8732876712328768,-1,False,,
211,584.3054298642534,41.42986425339367,442.0,38.662689801917814,-25.003522022697194,26.64460780598875,0.5518308665093654,0.8396605078307657,0.5893333333333334,0.40399824888592933,0.34730300668003333,0.1470588235294118,0.8170055452865065,1,True,,
212,370.00692520775624,65.22853185595568,722.0,31.588824241448297,-16.813582197634787,16.655076493071707,0.3387956521946973,0.7547052924154244,0.5308823529411765,0.3290999194831585,0.27290779618234207,0.20221606648199442,0.6504504504504505,-1,False,,
213,763.1723237597911,101.46997389033943,383.0,34.36661192302538,-25.72137276817785,26.564839308713506,0.6351755397948214,0.7410969541762132,0.59472049689441,0.47194076638775767,0.425107635966169,0.06005221932114879,0.8645598194130926,1,True,,
214,1033.7152173913043,132.80434782608697,460.0,27.56795762722564,-16.00344730532241,15.920635874377902,0.5244834104891468,0.6198255971955391,0.5299539170506913,0.33216642934990964,0.27222727663693547,0.1630434782608695,0.7718120805369127,1,True,,
215,143.5781893004115,140.06378600823047,486.0,38.69648560665307,-25.1604680434349,29.48456823270216,0.5832771613761449,0.7100256962287158,0.5625,0.3529514208006761,0.3551439284327835,0.13580246913580252,0.8181818181818182,1,True,,
216,740.7801047120419,154.77312390924956,573.0,37.511669972786585,-24.05318358050352,23.142712257209862,0.4543970314433364,0.7546182605027509,0.506631299734748,0.4234850224348055,0.32360290386673407,0.15706806282722519,0.7365038560411311,1,True,,
217,1047.3087071240107,183.09762532981532,379.0,24.06434391336789,-15.369761530606963,14.822084460541882,0.6537138560241704,0.762430623388045,0.6684303350970018,0.43395991116211724,0.3146879168210114,0.06860158311345643,0.8536036036036037,1,True,,
218,801.6152125279642,198.24161073825502,447.0,32.55885557754662,-18.422228714304925,19.078646804851402,0.530014952997247,0.8278757858905871,0.5504926108374384,0.4153462406039505,0.3372180850559666,0.2214765100671141,0.7996422182468694,1,True,,
219,1130.9726775956285,223.33879781420765,183.0,24.939753653272156,-18.866789497358997,14.245673199201935,0.8195808081510019,0.4454772034921217,0.7689075630252101,0.6309396866403643,0.39655915521533114,0.12568306010928965,0.9104477611940298,-1,False,,
220,675.5341463414634,302.44146341463414,410.0,32.67806286012346,-21.867157316037876,24.10123754415586,0.5999627980922146,0.6377882083708142,0.6366459627329193,0.31949556636646753,0.38695291881676674,0.12682926829268293,0.8471074380165289,1,True,,
221,160.25227272727273,303.5659090909091,440.0,41.95187985892434,-26.563821690347268,32.52264841511496,0.5320001407442376,0.718503258584167,0.5128205128205128,0.30972468157468197,0.3580416662613226,0.1659090909090909,0.7843137254901961,1,True,,
222,757.4607218683652,340.9660297239915,471.0,44.6183808387054,-27.62751923292588,34.143149554536265,0.5745400361594465,0.8465941819204761,0.58875,0.3071899831476928,0.3562810583447448,0.23142250530785557,0.8248686514886164,-1,False,,
223,939.1347708894879,420.97304582210245,371.0,37.45887651156325,-24.81734556782998,31.91881718315068,0.4709335781395536,0.43282935128651534,0.5284900284900285,0.34925195707304457,0.41536814157130586,0.1617250673854448,0.742,-1,False,,
224,247.640243902439,445.5335365853659,328.0,44.130862931042266,-31.96830171383343,39.50384756279955,0.6449754599124892,0.5560866473667838,0.6482213438735178,0.3652648070781696,0.45487586281648495,0.09756097560975607,0.8388746803069054,-1,False,,
225,518.6810344827586,599.2456896551724,232.0,47.888215498131764,-35.32143571019871,43.87074335041818,0.7780502262805792,0.542349058375453,0.7581699346405228,0.3595562207930047,0.4632668289644965,0.07758620689655171,0.8957528957528957,-1,False,,
226,1235.75,695.1118421052631,152.0,37.74958949175038,-26.76304902049645,34.0664229954737,0.751350232571062,0.7431203694678024,0.6666666666666666,0.3506500874891093,0.42935193545724215,0.10526315789473684,0.8994082840236687,1,True,,
227,672.7932960893854,709.572625698324,358.0,58.84075578140011,-40.0235367017414,54.910704633183144,0.6363173958065639,0.5836494082688414,0.5764895330112721,0.28924649312842493,0.4553165748382414,0.0977653631284916,0.8605769230769231,-1,False,,
228,355.04347826086956,832.561872909699,299.0,46.658824621426575,-33.53000763895602,43.28881799011663,0.7502191608937697,0.5298514487303532,0.6780045351473923,0.32358597772177244,0.45462400334136543,0.06688963210702337,0.8898809523809523,-1,False,,
229,1161.7828162291169,887.6396181384248,419.0,35.71090447596034,-22.290694356610175,27.457818450146014,0.6289348663695469,0.7985812269433934,0.6436251920122887,0.2908736099188965,0.32071019360586683,0.03818615751789978,0.8297029702970297,1,True,,
230,428.2875816993464,4.248366013071895,153.0,31.65746949669866,-17.883454855900222,15.402819562284916,0.6084496202028402,0.7247099764497961,0.5464285714285714,0.42374840612505,0.25700467089617174,0.11764705882352944,0.8406593406593407,1,True,,
231,1104.8814317673377,27.25950782997763,447.0,27.061589814831486,-12.88752460557751,13.857245554126886,0.39516623987918437,0.6769603563149043,0.4561224489795918,0.3466099062371974,0.25207169695707327,0.1923937360178971,0.6951788491446346,-1,False,,
232,433.8799126637555,68.57860262008734,458.0,38.57265784077915,-23.35188860428228,26.370404075244778,0.5205003545522071,0.6629083854243211,0.5452380952380952,0.3331169899406652,0.31782072046405624,0.20087336244541487,0.7910189982728842,1,True,,
233,1310.929347826087,84.77173913043478,368.0,32.47473225346458,-14.740907324878826,17.739475999798657,0.5045100125712138,0.6024374733099132,0.5714285714285714,0.30629851102181105,0.22921406479840895,0.2744565217391305,0.7634854771784232,-1,False,,
234,173.37391304347827,423.60434782608695,230.0,49.33675963935029,-31.812679230179512,44.988404427253364,0.6941541699374175,0.7189807209607422,0.575,0.3036242141671803,0.4343774080924366,0.18695652173913047,0.8614232209737828,1,True,,
235,335.4874213836478,593.1698113207547,318.0,60.70020089216499,-45.90795560591422,58.678580770442665,0.6088863011688077,0.743168368799645,0.6115384615384616,0.34768034147578963,0.5280130784372864,0.037735849056603765,0.828125,-1,False,,
236,488.67328918322295,65.08388520971303,453.0,30.97651679266065,-21.46459400845897,25.20491496562736,0.5346062056207947,0.7468211515915024,0.6508620689655172,0.4018401480865794,0.39528403784791893,0.07064017660044153,0.7743589743589744,-1,False,,
237,1215.2548638132296,83.1147859922179,514.0,39.88721057184399,-21.005217631024983,24.220476112125077,0.3563094091903413,0.9433204753595844,0.3599439775910364,0.2884795467699026,0.2599696089977449,0.27237354085603116,0.6598202824133504,-1,False,,
238,1471.9147005444647,183.53539019963702,551.0,43.345582220189414,-29.882798133944995,32.27807109386005,0.49712182203459965,0.8698799739994605,0.5554435483870968,0.4128109320808885,0.38133716046685073,0.10707803992740472,0.796242774566474,1,True,,
239,200.12179487179486,187.60256410256412,468.0,42.87105037716465,-23.949388096992408,26.962271473297786,0.4515869284778112,0.7410779960633543,0.585,0.34071254902161086,0.2909181792344739,0.27564102564102566,0.7346938775510204,-1,False,,
240,1355.6489898989898,245.7651515151515,396.0,40.00642179063803,-26.98907910871403,29.08087519950501,0.6198814144306486,0.7886873585974862,0.6149068322981367,0.38616946414865627,0.36984315294433723,0.13636363636363635,0.8461538461538461,1,True,,
241,53.28947368421053,302.77777777777777,342.0,36.62484466770568,-18.836638813206093,24.966568502328368,0.5860685842519114,0.6887110221589074,0.6263736263736264,0.25417741903169244,0.27932082202111247,0.16959064327485385,0.8260869565217391,1,True,,
242,721.3210039630119,335.88639365918095,757.0,45.01488969152537,-30.008454651688503,37.99464248259515,0.37813220358648963,0.6674115618986644,0.4621489621489622,0.31327177514291343,0.3990864243550297,0.1373844121532365,0.6964121435142594,-1,False,,
243,589.56,345.36,225.0,29.980647664533297,-23.11968537653262,24.846716189261702,0.8025512985463257,0.5288279813476415,0.6965944272445821,0.43855625675784216,0.4230284392171436,0.004444444444444473,0.9146341463414634,-1,False,,
244,1261.510344827586,363.7931034482759,145.0,31.000348076200165,-14.892211798447565,21.15060985635862,0.7545183631644662,0.7082375319507016,0.7754010695187166,0.29831567270488574,0.2543681923942319,0.19999999999999996,0.8950617283950617,-1,False,,
245,1006.8,372.0842105263158,190.0,43.13061634924432,-27.478459529954225,32.29352105652845,0.7356351055353135,0.8304941485499212,0.8225108225108225,0.32128192554963264,0.3547725570437155,0.17368421052631577,0.9405940594059405,-1,False,,
246,1369.6032388663969,413.2712550607287,247.0,46.28210377214833,-19.248437456603924,34.641587329946965,0.6345145478373404,0.5046285027733703,0.6842105263157895,0.15328715239964455,0.27819051033994446,0.4008097165991903,0.8205980066445183,-1,False,,
247,234.57109557109558,423.0839160839161,429.0,40.69818447706952,-20.50818909791281,32.72719307019552,0.47468893014991775,0.7560574655744445,0.532258064516129,0.2476028387449977,0.3293492057846994,0.2797202797202797,0.7422145328719724,1,True,,
248,1065.5664739884394,453.6329479768786,346.0,31.565063607851187,-20.689475164636697,21.551272442557536,0.677957489473446,0.7445333156155965,0.5339506172839507,0.3657495228928982,0.32215815519838664,0.052023121387283267,0.8398058252427184,1,True,,
249,438.1212121212121,702.9242424242424,396.0,38.16707970820283,-21.01479580573122,32.930694299393686,0.5912708738040118,0.7643797337550963,0.4876847290640394,0.20663931794615106,0.3189820875460752,0.03535353535353536,0.826722338204593,1,True,,
250,93.16804407713498,777.6501377410468,363.0,22.874870974165553,-8.949482588641564,2.9053620300475655,0.6714037336954141,0.8770960357712894,0.5970394736842105,0.4058360824818125,0.12379324438496808,0.008264462809917328,0.9097744360902256,1,True,,
251,283.46289752650176,984.2332155477031,283.0,24.459705214880913,-11.493610302528692,12.325855886916267,0.6715786631976778,0.7042937714309692,0.5823045267489712,0.3428062386547508,0.19347479191934525,0.05653710247349819,0.8575757575757575,1,True,,
252,503.29649595687334,10.342318059299192,371.0,35.15725855211157,-21.801932474344586,21.072198442873358,0.489442995570417,0.6560210867343071,0.5376811594202898,0.4472043643783366,0.31059787565003827,0.15094339622641506,0.7375745526838966,1,True,,
253,224.17877094972067,14.335195530726256,358.0,28.51954670407052,-18.305668890538428,18.80649137110621,0.595575080969283,0.737600807311876,0.49175824175824173,0.4118526673267007,0.3105018024421271,0.07262569832402233,0.817351598173516,1,True,,
254,253.96923076923076,43.43076923076923,260.0,42.42601499039098,-32.96555634864854,37.96841419431181,0.7649288971406231,0.6993873637002542,0.6649616368286445,0.4076667428589784,0.4754650567586605,0.06153846153846154,0.8904109589041096,1,True,,
255,593.4662921348314,154.37827715355806,534.0,36.95961562219666,-23.996805821634347,29.339949951064018,0.34498621496263354,0.8447523037469457,0.43734643734643736,0.31606149898095526,0.3427290195348055,0.13857677902621723,0.6600741656365884,-1,False,,
256,361.7528735632184,173.24137931034483,522.0,42.12494209645521,-21.89542856223366,31.724529906317564,0.43491514982355917,0.8778133570410865,0.46153846153846156,0.2517257871470232,0.318656878130175,0.2567049808429118,0.7565217391304347,1,True,,
257,919.600790513834,201.600790513834,253.0,29.356656811333817,-17.42816934879961,16.07585542591176,0.7087342492588171,0.6123245740268903,0.575,0.39950309988302674,0.31105333478686953,0.16600790513833996,0.840531561461794,-1,False,,
258,208.89488636363637,251.48863636363637,352.0,37.21068817514293,-23.94285946686381,26.399964207986752,0.5898437834827295,0.8468760724289442,0.5986394557823129,0.3521504587155174,0.33832942364229396,0.1477272727272727,0.8282352941176471,1,True,,
259,201.053125,282.68125,320.0,44.712266144049,-33.493848489037035,38.8464205068728,0.6401891671565366,0.6667449619050753,0.5818181818181818,0.4190398553386331,0.46566665745340285,0.09062499999999996,0.8333333333333334,1,True,,
260,397.7980769230769,344.28846153846155,416.0,43.3774695431977,-29.201245649874295,35.4461063984618,0.6165123940560693,0.7344914749059268,0.6459627329192547,0.35811703628860414,0.4006342052195508,0.1875,0.8237623762376237,1,True,,
261,210.07620817843866,408.7174721189591,538.0,40.59810694854945,-23.7344477170387,30.116356974050813,0.4100932227213881,0.6299131459809374,0.4944852941176471,0.29893730355765963,0.3200497729738406,0.19702602230483268,0.7116402116402116,-1,False,,
262,37.07829977628635,430.0872483221477,447.0,41.07596660373803,-22.859731533615104,28.939471042479333,0.48765007403475724,0.8948506306463045,0.5805194805194805,0.2633109669882379,0.28768079543707087,0.13646532438478742,0.7883597883597884,1,True,,
263,1189.9043824701196,442.2828685258964,251.0,35.441497794058925,-23.814444808163326,26.414524925981574,0.7253888479577694,0.6321117441648723,0.6290726817042607,0.37478797820459797,0.34879599873763156,0.0677290836653387,0.8838028169014085,1,True,,
264,1334.6666666666667,713.9588014981273,267.0,21.567622232279838,-8.376228665603989,4.354273475672836,0.7044812928156409,0.5733404657285605,0.6691729323308271,0.3573897758896431,0.13010916712411333,0.03745318352059923,0.8811881188118812,-1,False,,
265,1098.4175084175083,766.5286195286195,297.0,26.978139681257947,-14.17092843731264,16.685011992013543,0.6198198550472935,0.878800531915281,0.515625,0.26603516722756504,0.2332354346258873,0.06397306397306401,0.8633720930232558,1,True,,
266,41.02832861189802,126.72804532577904,353.0,44.17361565591811,-25.516088450023666,36.14778985704753,0.579420066815103,0.7273098099585487,0.5532915360501567,0.25016803378846086,0.336478829426063,0.17847025495750712,0.8096330275229358,1,True,,
267,177.5410447761194,197.8320895522388,268.0,31.939284164997343,-22.96186690886895,25.21703258974409,0.6569663443972626,0.48673657427042555,0.5800865800865801,0.3994995281586785,0.36777635574785633,0.04477611940298509,0.8562300319488818,-1,False,,
268,1492.3333333333333,340.2769230769231,195.0,27.587414507102324,-15.133011474281561,12.491036808579407,0.68921144755573,0.6493709116616138,0.6770833333333334,0.4563454790184131,0.23799060434103012,0.0871794871794872,0.8552631578947368,1,True,,
269,497.9816700610998,365.8309572301426,491.0,21.415668168801616,-12.627726255321855,13.645904690953262,0.4280942171212528,0.8575825436430321,0.4307017543859649,0.3582141386068098,0.28101372782827605,0.09572301425661911,0.7295690936106983,-1,False,,
270,46.45673076923077,369.15705128205127,624.0,45.960523275191775,-28.726841344366203,39.501426870247734,0.3646328118951577,0.7144462374264062,0.43333333333333335,0.2846268459748572,0.38037695795393145,0.16826923076923073,0.6895027624309392,-1,False,,
271,615.2773722627737,629.485401459854,274.0,48.82349035062415,-31.143155984692864,40.5612069287984,0.7280614373315244,0.7927144892429144,0.6618357487922706,0.3041180774678279,0.38473792167475623,0.1897810218978102,0.8838709677419355,1,True,,
272,387.95580110497235,4.066298342541437,181.0,35.38577749328015,-20.560047422522135,21.617846162881612,0.5029446235972591,0.8902130348540359,0.556923076923077,0.35306071724680904,0.28848665236438836,0.09944751381215466,0.7801724137931034,1,True,,
273,1168.1977401129943,4.728813559322034,177.0,24.048436213408447,-16.32996767325321,11.624281683960668,0.5010455121547305,0.7961871407409633,0.5267857142857143,0.5628516406010268,0.3268697771985652,0.062146892655367214,0.7695652173913043,1,True,,
274,1389.4502164502164,22.558441558441558,231.0,36.226504131856665,-19.84783997040625,20.98193561841934,0.6898160194380142,0.8266930331668331,0.5833333333333334,0.3213875877199235,0.2629271426371166,0.17748917748917747,0.868421052631579,1,True,,
275,592.7977528089888,61.53932584269663,178.0,34.17466119296446,-23.92212538423422,24.48110633566121,0.8151164894360128,0.27690944679346624,0.7911111111111111,0.4499442030707102,0.3932074418061235,0.1067415730337079,0.9128205128205128,-1,False,,
276,202.72645739910314,74.14798206278027,223.0,36.544834541109246,-23.708730615455238,25.645811724080517,0.7419734248946936,0.37645540869855293,0.6194444444444445,0.3669636077143152,0.36191677559384317,0.19730941704035876,0.8955823293172691,-1,False,,
277,94.57765667574932,90.07901907356948,367.0,39.26081581558311,-24.729376961745533,32.84740348665362,0.42315564955499974,0.9239800170957337,0.5996732026143791,0.29134440874269774,0.34766872688285416,0.12806539509536785,0.7267326732673267,1,True,,
278,1082.6738461538462,137.40615384615384,325.0,36.55149179227842,-22.359048856770972,25.772586682059476,0.6097550401199783,0.7854430187849057,0.5681818181818182,0.32281039756077984,0.3355598239829907,0.20923076923076922,0.8269720101781171,1,True,,
279,54.83174603174603,145.42857142857142,315.0,28.433683818703045,-15.366772111623177,18.771277258575022,0.5792079972573106,0.8257383038964861,0.6376518218623481,0.29368006510453093,0.25311958871722695,0.09523809523809523,0.8097686375321337,1,True,,
280,1046.0228136882129,162.3764258555133,263.0,26.45446985211056,-16.482683052056604,11.682267461907443,0.6690357426896055,0.6999622561046739,0.6018306636155606,0.5392362704861753,0.27107334844484754,0.049429657794676785,0.8622950819672132,1,True,,
281,1134.06875,166.803125,320.0,31.743329210451968,-23.1753598515088,24.774551294569754,0.5353425884236135,0.7546445214279164,0.49382716049382713,0.4329828920774162,0.4072527771117166,0.06874999999999998,0.78239608801956,1,True,,
282,538.9632352941177,172.65441176470588,136.0,24.966459945354963,-21.389950209461325,21.346081044754,0.8488589199723684,0.6425588957225882,0.6044444444444445,0.47591625975773616,0.43812434736858397,0.044117647058823484,0.9006622516556292,1,True,,
283,1224.487012987013,182.22402597402598,308.0,45.2653324728155,-35.46348069116245,41.57205259586256,0.5474462511408427,0.8532229484395393,0.4888888888888889,0.4051816679730818,0.49511588819615254,0.045454545454545414,0.806282722513089,1,True,,
284,452.65156794425087,188.57839721254356,287.0,36.243053743702355,-20.47521762354661,22.358987581116484,0.6547236845301081,0.6096239995448828,0.519927536231884,0.34976829645525703,0.28098055324436066,0.21254355400696867,0.8130311614730878,1,True,,
285,513.1597796143251,225.84848484848484,363.0,34.18562513803374,-21.75894939418755,18.79020482333491,0.560425105070914,0.7990388158408414,0.6402116402116402,0.47211357405198834,0.3031458807878258,0.12121212121212122,0.8194130925507901,1,True,,
286,871.6560975609756,230.00731707317073,410.0,32.828381774345054,-20.867473722814182,22.1546513899827,0.511879310562986,0.6514863330033701,0.5236270753512133,0.3951111480502821,0.3230178523717857,0.09512195121951217,0.7635009310986964,1,True,,
287,1241.2941176470588,336.54117647058825,170.0,31.714586941875524,-17.727022309204635,18.226067138951073,0.69464696855719,0.70939746470303,0.6746031746031746,0.4232880235156592,0.2798631411703194,0.14117647058823535,0.8673469387755102,1,True,,
288,1292.3090128755364,344.656652360515,233.0,32.814916817690964,-18.99179756412384,23.33425951004351,0.5750595720437832,0.7592051126710855,0.5393518518518519,0.3205566896933087,0.32454878290867345,0.14592274678111583,0.8146853146853147,1,True,,
289,217.76,371.5466666666667,300.0,37.69946236813303,-25.121025141415465,30.952089935946606,0.6495405098720763,0.8246572255415274,0.6072874493927125,0.3180510805050532,0.37963163206974665,0.06666666666666665,0.8620689655172413,1,True,,
290,242.44781144781146,463.83501683501686,297.0,49.38984025339301,-29.22822195523095,35.296166552608774,0.5890636485320393,0.7814653815231279,0.594,0.3272255564528684,0.3249015083116313,0.23905723905723908,0.8159340659340659,1,True,,
291,139.56441717791412,593.3098159509202,326.0,48.74632146388395,-34.532878885893744,40.72795093796822,0.608547319159803,0.5491439784170596,0.5433333333333333,0.37026054562966515,0.4178384006297661,0.08588957055214719,0.815,-1,False,,
292,1496.0350877192982,646.3859649122807,57.0,31.390573926997156,-18.010313500834226,31.480711217925485,0.9202207820300815,0.6093109222881388,0.7916666666666666,0.17183064285404326,0.35059201795803874,0.052631578947368474,0.95,-1,False,,
293,382.79411764705884,698.9640522875817,306.0,54.34959307552364,-40.66842834619891,51.126988181011136,0.5260472031983229,0.866560946849488,0.4434782608695652,0.350347420237228,0.4967637856801351,0.05228758169934644,0.8052631578947368,-1,False,,
294,617.8745762711865,708.0779661016949,295.0,54.183240701663905,-33.42495867711048,51.79307668312159,0.5989962390305268,0.5645429980398101,0.5344202898550725,0.23084676412202546,0.415982427536431,0.10169491525423724,0.817174515235457,-1,False,,
295,324.1907692307692,732.1846153846154,325.0,28.40347687901576,-15.979071880693457,16.441183310977596,0.6097550401199783,0.8369025992882845,0.5952380952380952,0.351335799659674,0.24807446411595896,0.03692307692307695,0.8530183727034121,1,True,,
296,517.9236641221374,993.4885496183206,131.0,34.15156161520585,-14.148612675445973,17.00016326113015,0.7268007746168647,0.3040742050186775,0.6298076923076923,0.22647807314878202,0.17781475348440745,0.022900763358778664,0.8972602739726028,-1,False,,
297,316.0104712041885,63.38743455497382,382.0,31.50680919058559,-20.146315716744873,19.455083111071072,0.5244816839509819,0.8743077329950385,0.4739454094292804,0.4097690738113451,0.3294063416231638,0.1335078534031413,0.764,1,True,,
298,150.8650519031142,89.9446366782007,289.0,29.70777042016869,-16.8355411272245,17.337184769778112,0.5904499232736113,0.8540561687436619,0.6538461538461539,0.31843034870871006,0.25235938278887304,0.10380622837370246,0.8140845070422535,1,True,,
299,1397.3280757097791,206.80757097791798,317.0,34.64295860925232,-23.4098825855816,25.618855642025835,0.6249155333477583,0.8293118564993363,0.5753176043557169,0.35872534641332054,0.35490481832802107,0.0757097791798107,0.8408488063660478,1,True,,
300,150.53267973856208,277.9738562091503,306.0,48.704479575066195,-37.04123911974151,44.51396211232751,0.6069140621239193,0.6483159132486971,0.5828571428571429,0.37491605348057216,0.4828321569982697,0.0326797385620915,0.8073878627968337,1,True,,
301,981.4342857142857,296.5257142857143,175.0,24.69121253813079,-12.66123345410912,19.859989321671108,0.6882360090529606,0.8214989758816346,0.6410256410256411,0.16952313923410006,0.2508289784565568,0.13714285714285712,0.8333333333333334,1,True,,
302,1301.382075471698,370.4669811320755,212.0,49.49094990834667,-35.55492216879153,44.061858092001955,0.6637114134307955,0.5228326922141067,0.6198830409356725,0.3476011947078525,0.45204985275302295,0.09433962264150941,0.8346456692913385,-1,False,,
303,3.6576576576576576,444.9189189189189,111.0,32.12704065396297,-25.79554858471495,26.1777627541306,0.7764492090034464,0.8094058809032112,0.6529411764705882,0.4773301091548559,0.46025927888380513,0.04504504504504503,0.8951612903225806,1,True,,
304,170.16993464052288,448.9019607843137,153.0,56.800277616111856,-42.66298432440183,54.10748142150507,0.7949968473949215,0.6207937506641318,0.796875,0.3477022958542007,0.5061436488347895,0.04575163398692805,0.9161676646706587,-1,False,,
305,968.7528089887641,694.8022471910112,445.0,33.81544051940982,-20.100389222749477,23.128616439785702,0.4014867709716821,0.9302712651205836,0.5297619047619048,0.38039962762359825,0.2877663404481967,0.08089887640449434,0.7018927444794952,1,True,,
306,3.7886178861788617,811.6666666666666,123.0,53.30187342286796,-34.58104968801678,47.580908666890245,0.7845974720434986,0.8312242187041308,0.7235294117647059,0.2740820702013931,0.41746080515345907,0.1544715447154471,0.8913043478260869,1,True,,
307,693.7087378640776,909.0558252427185,412.0,24.17694515964511,-13.214594559599265,10.103755120516226,0.6015838317659941,0.9282553412993818,0.6959459459459459,0.5656894395326816,0.20747775535632684,0.009708737864077666,0.8956521739130435,-1,False,,
308,1082.1104100946372,16.42902208201893,317.0,22.860361170115237,-12.242941423873773,8.183717828464282,0.5511967955203451,0.8483868621155449,0.5561403508771929,0.3468369213975848,0.27331331741558357,0.17981072555205047,0.8298429319371727,1,True,,
309,561.043227665706,22.54178674351585,347.0,26.65348367854789,-18.28528409982278,17.48952044342334,0.3249165825029697,0.7147901795230592,0.4145758661887694,0.4609145874517194,0.33105347495960874,0.10374639769452454,0.5831932773109244,-1,False,,
310,11.397142857142857,51.72,350.0,45.59533967528077,-32.272372019116546,38.65904588174635,0.4822743159442724,0.690280456677832,0.4807692307692308,0.36764859391110283,0.43738234079309873,0.12857142857142856,0.7276507276507277,-1,False,,
311,731.6848874598071,86.89389067524115,311.0,29.955828445982718,-18.731279372418694,14.267276619303662,0.5666498133001681,0.6816475506160061,0.5437062937062938,0.41861653126704346,0.28373615161614596,0.067524115755627,0.7913486005089059,1,True,,
312,1398.695652173913,149.8896321070234,299.0,43.6974406280173,-34.78631020602332,40.1945295172003,0.6201096283930814,0.8035246459828109,0.5828460038986355,0.4005239206711983,0.4868897937711665,0.026755852842809347,0.8147138964577657,1,True,,
313,10.263598326359833,164.4979079497908,239.0,52.54354756521421,-38.039211701573436,48.38355939172641,0.6709388417861617,0.671415327902134,0.6322751322751323,0.3424408073579916,0.4747118373171555,0.12970711297071125,0.8415492957746479,1,True,,
314,80.4688995215311,169.688995215311,209.0,44.59877480249536,-36.5518301131638,43.41577706806319,0.6976722179762498,0.83161653912822,0.55,0.4054021818215767,0.5299646802353517,0.014354066985645897,0.8744769874476988,1,True,,
315,815.682879377432,178.74513618677042,514.0,42.63490488344996,-30.437312171043555,32.85263317169815,0.3577538366901162,0.6966461814519088,0.42833333333333334,0.4290466508918699,0.3994945868965717,0.13035019455252916,0.6727748691099477,-1,False,,
316,494.0492957746479,242.70657276995306,426.0,31.68423242121844,-17.29275493249013,21.547209059737323,0.46264608856493905,0.7837934602632387,0.46054054054054056,0.389088488144564,0.3238414069069243,0.21126760563380287,0.7731397459165155,-1,False,,
317,822.7735849056604,265.12264150943395,318.0,34.124083427236954,-24.616624063353527,27.72987157847112,0.623093877608543,0.45773225534272904,0.5317725752508361,0.3633327993956752,0.38873842302358375,0.053459119496855334,0.8238341968911918,-1,False,,
318,185.09824561403508,354.7964912280702,285.0,33.0103671858472,-21.239901163005694,26.045354725388968,0.6611849167132677,0.725384816159294,0.5632411067193676,0.3101136008898417,0.34403397772591887,0.09473684210526312,0.8689024390243902,1,True,,
319,194.1448598130841,395.0373831775701,214.0,49.814345960945026,-36.68301592940595,46.65588376627984,0.7009151586575211,0.6514102987595393,0.5944444444444444,0.35934833284014855,0.4898927589164716,0.08878504672897192,0.8629032258064516,1,True,,
320,297.67469879518075,422.16265060240966,166.0,42.58963852521212,-26.356847340447136,36.4381870154653,0.42185444997674426,0.8662214951740982,0.39712918660287083,0.2740678765687598,0.3796042418444013,0.1807228915662651,0.6535433070866141,1,True,,
321,1443.8312757201645,435.30041152263374,243.0,42.52364907934069,-32.15139871084171,38.589753327823516,0.6799993105404376,0.5330809871433744,0.6090225563909775,0.3910517824100859,0.47697274871323825,0.06584362139917699,0.8617021276595744,-1,False,,
322,844.8590163934426,577.5508196721312,305.0,55.34244947315383,-35.56131400378262,51.46071721439503,0.39505677246428256,0.6809044962727417,0.5304347826086957,0.26835443255354147,0.44321893991016953,0.18688524590163935,0.673289183222958,-1,False,,
323,720.8857142857142,596.0816326530612,245.0,46.00338747287129,-32.88481579674892,41.784596048422074,0.6400533130900309,0.7263999527595791,0.6265984654731458,0.3267041167434381,0.44060403266731574,0.09795918367346934,0.8419243986254296,1,True,,
324,804.0750988142292,829.5217391304348,253.0,27.345063225482203,-13.526285142968762,13.601139204786877,0.7007874760811629,0.8112563364913954,0.5856481481481481,0.28973946132855455,0.1959396866168606,0.07905138339920947,0.8784722222222222,1,True,,
325,104.5850144092219,902.0893371757925,347.0,23.311240409528782,-9.13053177546596,5.826336495794312,0.6068195394689097,0.9264250455606329,0.6378676470588235,0.32776879308804313,0.13226918926897327,0.028818443804034533,0.8762626262626263,1,True,,
326,140.1639344262295,4.295081967213115,122.0,39.43795445800345,-23.871411013358575,26.23411457224501,0.7308998887453998,0.5779591834717485,0.6354166666666666,0.35488452115019814,0.3056799513516856,0.16393442622950816,0.8714285714285714,1,True,,
327,1305.5229357798164,9.247706422018348,327.0,28.052159903556742,-16.7293331244254,14.924430807842239,0.36657369736161377,0.9146961196446103,0.39492753623188404,0.44567558096454046,0.2768186183606448,0.10703363914373087,0.6869747899159664,1,True,,
328,1241.2006269592478,131.717868338558,319.0,22.51149284847286,-14.209463743930186,9.791889367092216,0.593510583936103,0.86589845434955,0.6254901960784314,0.5478741923189462,0.27828600512508034,0.050156739811912265,0.8350785340314136,1,True,,
329,696.0994475138122,146.79005524861878,181.0,44.081943892664356,-25.925160855808418,27.021686859148762,0.6849046758335479,0.8029565479132081,0.6328671328671329,0.3403428830000577,0.3118376997788308,0.2762430939226519,0.8497652582159625,1,True,,
330,1495.4122137404581,172.13740458015266,131.0,36.788046642396715,-21.78556731191951,24.231885063152813,0.5261546670134664,0.7650172752633364,0.5954545454545455,0.31610524597513767,0.2757130717389456,0.1145038167938931,0.7891566265060241,1,True,,
331,331.2548076923077,183.5625,208.0,33.39545799344391,-23.467909750676338,23.563342989197757,0.6184200519702687,0.78624788020192,0.5416666666666666,0.4519561648798677,0.3734658542805566,0.10096153846153844,0.8421052631578947,1,True,,
332,1420.4716981132076,457.3018867924528,265.0,30.944009734370876,-19.493147790589223,19.365225999394607,0.6540377106935731,0.5311982419318881,0.5760869565217391,0.3502825414234737,0.2911913719379677,0.0641509433962264,0.8386075949367089,-1,False,,
333,535.2553191489362,591.9191489361702,235.0,57.23380470577584,-44.10036434799313,55.638565766961946,0.74138574057881,0.7577409443814767,0.6582633053221288,0.35654129683971403,0.5365322722399488,0.05957446808510636,0.9073359073359073,1,True,,
334,256.4059139784946,699.5376344086021,372.0,50.789926209261445,-35.75023758918871,47.327401158785655,0.33918686882593807,0.6621157707197972,0.36470588235294116,0.32011585530414377,0.4596195446066959,0.08870967741935487,0.6158940397350994,-1,False,,
335,1387.7589285714287,707.7544642857143,224.0,26.277303141126573,-12.649336738919741,14.785338008102414,0.6709900617990555,0.7984430800617998,0.5490196078431373,0.2362313532835937,0.21708425503623272,0.0714285714285714,0.8615384615384616,1,True,,
336,743.5485564304462,822.2388451443569,381.0,32.75864072046129,-16.05398548574788,18.14366180314124,0.4656771069760966,0.8105042948493855,0.508,0.2990810611038383,0.21640176285214702,0.13648293963254599,0.7412451361867705,1,True,,
337,1272.6398713826366,16.0032154340836,311.0,32.52089394878041,-17.668294906142588,21.557820321452155,0.4939755734639945,0.8870665811960781,0.4146666666666667,0.2700485248849323,0.2689975305966482,0.15434083601286175,0.7458033573141487,1,True,,
338,633.8467153284671,124.27007299270073,137.0,29.409388379509423,-19.95274236221935,20.509629689474203,0.9367469665501805,0.6785140367269932,0.6523809523809524,0.4098077151027039,0.3487363316825707,0.08759124087591241,0.9383561643835616,1,True,,
339,461.17857142857144,121.48214285714286,224.0,34.26205039606295,-21.63551554223555,23.51083039852048,0.5454032652281056,0.85753314626185,0.42344045368620037,0.36168525530956686,0.3237002020635243,0.0848214285714286,0.7915194346289752,1,True,,
340,268.33678756476684,127.58031088082902,193.0,29.451082682409414,-23.183584379160653,23.684248278220732,0.7817725387901453,0.7262710051812225,0.6771929824561403,0.4935354757185427,0.4391046082263166,0.06735751295336789,0.8894009216589862,1,True,,
341,111.45011600928075,199.61948955916472,431.0,38.93806733697375,-22.528622044227262,30.143994305292225,0.43003602154510095,0.9174072114991543,0.5671052631578948,0.2865041936218324,0.34278519460153517,0.17633410672853833,0.6996753246753247,1,True,,
342,386.2780082987552,207.7219917012448,241.0,46.92661773389931,-35.13490901978135,40.217374467954755,0.5503122124293263,0.8707321479388478,0.5578703703703703,0.4135912970883223,0.46807866546622945,0.09128630705394192,0.7901639344262295,1,True,,
343,889.780269058296,213.97309417040358,223.0,47.08668976389339,-36.78938175134746,43.01305485980542,0.750329129482649,0.7576689426029023,0.6636904761904762,0.4089950359188388,0.5003307547938128,0.08071748878923768,0.8955823293172691,1,True,,
344,1370.2846715328467,236.20437956204378,137.0,55.54222626586257,-44.55846782796504,51.9876243447429,0.8739012493492624,0.48890739335815114,0.7025641025641025,0.4056195156635159,0.5247406195985139,0.029197080291970767,0.9072847682119205,-1,False,,
345,790.1399317406143,240.8430034129693,293.0,25.765448781603748,-13.762890214908627,15.339752865990716,0.44752678859611533,0.831421444999031,0.4549689440993789,0.3085423788824993,0.3099187244963117,0.21501706484641636,0.6720183486238532,1,True,,
346,805.931506849315,283.66027397260274,365.0,33.81877730110077,-22.428695713087347,23.57147022443761,0.5360965056346039,0.8270506372935852,0.553030303030303,0.39988727871685814,0.35923413028302664,0.1150684931506849,0.7749469214437368,1,True,,
347,555.5938864628821,348.9301310043668,229.0,36.44972699911676,-18.679476944294112,28.910805874689945,0.7559557048843649,0.8167713174776442,0.6361111111111111,0.2125373729809663,0.29600241749372547,0.15283842794759828,0.89453125,1,True,,
348,4.00709219858156,381.5177304964539,141.0,49.23036832582089,-27.601392656460895,48.75609587777336,0.6028632854916127,0.8777668248464792,0.6409090909090909,0.1845280593062969,0.41104805575194936,0.1985815602836879,0.7966101694915254,-1,False,,
349,951.2153846153847,406.65641025641025,195.0,36.79249564029484,-23.739678663808622,27.763954103359495,0.6923670918915552,0.6501441966891192,0.6414473684210527,0.4021319962082765,0.37718962102364273,0.20512820512820518,0.8405172413793104,1,True,,
350,536.6600790513834,447.8695652173913,253.0,39.927054656933564,-24.36294707406096,33.312280225637565,0.6201958400466693,0.7194816046184481,0.575,0.25091849820754625,0.33803339090875606,0.059288537549407105,0.8135048231511254,1,True,,
351,978.9429824561404,619.061403508772,228.0,53.742575813084,-38.17278835246797,51.2107165769389,0.7061329985771309,0.7656571088091442,0.6909090909090909,0.3286431188972896,0.4978766423045543,0.14035087719298245,0.8571428571428571,1,True,,
352,961.6610169491526,629.6440677966102,177.0,43.65288950628192,-29.126116781651913,36.47287336927157,0.8136563389055907,0.6259436830466065,0.6124567474048442,0.32834659563114416,0.389627643055835,0.096045197740113,0.9123711340206185,1,True,,
353,614.0875576036866,661.9308755760369,217.0,34.323556375417546,-21.36685833930149,26.992760789823297,0.724377374645197,0.7223482613725173,0.6078431372549019,0.2955055482951658,0.32938129461718046,0.03686635944700456,0.857707509881423,1,True,,
354,1131.2217898832685,692.1867704280156,257.0,48.23922615722116,-35.74162966373478,45.670052473558904,0.670715410817744,0.7914906218843551,0.5562770562770563,0.36388040168739944,0.5015898306314119,0.10505836575875482,0.8538205980066446,1,True,,
355,1249.828729281768,688.353591160221,181.0,58.02050010347805,-42.72771631960367,55.166234966026394,0.7718633411820863,0.7110127610412302,0.6654411764705882,0.3527875489128229,0.5239055582337616,0.1270718232044199,0.8743961352657005,1,True,,
356,482.4550264550264,704.1904761904761,189.0,61.98189654910188,-40.86320997020641,58.05991716152791,0.7722839826900525,0.5135217760844111,0.6948529411764706,0.2716675589955042,0.45437964860093655,0.18518518518518523,0.8709677419354839,-1,False,,
357,1368.110655737705,964.0901639344262,244.0,41.81307423844537,-34.344035107284014,39.584760519338765,0.7364070324553469,0.7812617352183385,0.6931818181818182,0.4340105717543696,0.5178176011951243,0.012295081967213073,0.8970588235294118,1,True,,
358,1231.8509803921568,20.5921568627451,255.0,26.614225439072758,-12.01008707464435,8.71359697869657,0.3985335895169763,0.6690002667146674,0.5059523809523809,0.32589660060464165,0.17295488184044028,0.14509803921568631,0.6505102040816326,-1,False,,
359,385.1444866920152,36.64638783269962,263.0,46.58690599384247,-35.7100758392408,42.721813374386684,0.6553899225055762,0.7389131852907792,0.5767543859649122,0.39256821901399375,0.4882193747128824,0.06083650190114065,0.8375796178343949,1,True,,
360,665.8328075709779,76.08201892744479,317.0,25.57430544738208,-13.331121817396669,5.891633196711816,0.4860212075277914,0.7692743795983775,0.5336700336700336,0.3682886559974508,0.23831645409614788,0.11987381703470035,0.7155756207674944,1,True,,
361,1309.7811447811448,117.05050505050505,297.0,38.45000157490597,-19.892383265736544,23.834933888472296,0.503650061163793,0.7446019902777057,0.54,0.2793776287073238,0.2783928517603413,0.2794612794612794,0.7333333333333333,1,True,,
362,801.6083650190114,145.13307984790873,263.0,36.618256281359805,-24.99956253631112,28.025402258149207,0.5597368338281286,0.5852995227393183,0.5218253968253969,0.3339530631843175,0.3855544146532795,0.14448669201520914,0.7735294117647059,1,True,,
363,452.875,148.27380952380952,168.0,45.64568747775058,-36.99906829836592,43.78054696234811,0.7898843622841586,0.6793759022018331,0.6176470588235294,0.40908980059127015,0.5271399384807973,0.04166666666666663,0.8983957219251337,1,True,,
364,133.71341463414635,162.8048780487805,164.0,51.76463881099392,-36.0234801633715,46.79661652889305,0.7794429392912776,0.6696195319144459,0.6165413533834586,0.32320060272042345,0.4520436316365149,0.16463414634146345,0.8497409326424871,1,True,,
365,200.39055793991417,160.53648068669528,233.0,46.05533600972575,-34.16641948553697,42.17355318836835,0.6361890105253218,0.766131749130681,0.5547619047619048,0.3686682520506208,0.47368189347148454,0.11158798283261806,0.8351254480286738,1,True,,
366,385.21974522292993,175.78025477707007,314.0,34.24600334243049,-23.6188911954085,27.173833111967944,0.3730870166729591,0.5900906898813796,0.44857142857142857,0.3475524633648289,0.3717876590171437,0.06369426751592355,0.6205533596837944,-1,False,,
367,1115.8883248730965,190.24365482233503,197.0,28.29948305600323,-15.312516923547737,14.940316032732271,0.6576144829728287,0.7450437462932157,0.5863095238095238,0.30419970587425427,0.2192639293702234,0.07614213197969544,0.8834080717488789,1,True,,
368,1496.8064516129032,192.08602150537635,93.0,30.208546087434645,-16.797259178377175,19.55845911118303,0.6289342398717054,0.9340323859474758,0.6992481203007519,0.3410429513101937,0.26233950051008376,0.11827956989247312,0.9029126213592233,1,True,,
369,280.3066666666667,244.936,375.0,43.120548308691774,-26.759616758689848,32.595133251155964,0.4195374301591425,0.8215614782437692,0.4973474801061008,0.32054168850183484,0.34275657111406327,0.17333333333333334,0.7156488549618321,1,True,,
370,1350.3333333333333,265.2518518518518,135.0,21.45233900726211,-12.14121323791815,10.331311121231929,0.7943492393383393,0.3439849833433481,0.7417582417582418,0.3026595659829952,0.21371557202052188,0.07407407407407407,0.8823529411764706,-1,False,,
371,85.11872146118722,286.1917808219178,219.0,44.40573794835779,-33.350424686152806,41.90848988422026,0.6443054941299865,0.34335358978488334,0.6066481994459834,0.3506373267739875,0.48272528645654794,0.0639269406392694,0.8141263940520446,-1,False,,
372,80.25941422594143,338.40585774058576,239.0,43.95957001096916,-33.971792846850455,41.5830646442959,0.5898679730406188,0.5489024072024855,0.5195652173913043,0.3720412933926203,0.4966301405529597,0.05020920502092052,0.8184931506849316,-1,False,,
373,1366.225663716814,364.216814159292,226.0,49.35934880304485,-38.59006645164371,46.88357165272908,0.6483587094079184,0.8589641789587021,0.6026666666666667,0.3851000444419616,0.5193474260447299,0.053097345132743334,0.8659003831417624,1,True,,
374,542.39,428.74,100.0,27.423326457071504,-11.196528471286141,14.13712105190096,0.6927175339556867,0.8299931792877119,0.5882352941176471,0.23849261667579413,0.17874850060790778,0.22999999999999998,0.8403361344537815,1,True,,
375,1478.621052631579,455.4263157894737,190.0,33.23890243768919,-19.36772996749369,18.776999032532355,0.6272121568909579,0.8072460058609471,0.5397727272727273,0.3862987745749323,0.2641019162378813,0.08421052631578951,0.8296943231441049,1,True,,
376,1204.683962264151,563.7264150943396,212.0,52.894932614500526,-39.25144725857261,51.230082387998664,0.7271913280226846,0.8239680563280609,0.6309523809523809,0.3293919380543367,0.4964793217632006,0.047169811320754707,0.8907563025210085,1,True,,
377,900.8295454545455,690.0909090909091,176.0,42.448874802439974,-18.86408672607535,35.48556078140248,0.767005483342741,0.754795752962114,0.6470588235294118,0.12643804191611707,0.2593559889673171,0.017045454545454586,0.8934010152284264,1,True,,
378,230.1865284974093,692.7150259067357,193.0,54.61192784481693,-41.66127313261877,53.82497234989857,0.7276182705508816,0.7164300266693893,0.6433333333333333,0.360274350318884,0.542261830420074,0.041450777202072575,0.8616071428571429,1,True,,
379,1049.8976377952756,699.9094488188977,254.0,41.24891391781056,-24.149070057232915,34.150508389665816,0.6373099226321657,0.8396569576127165,0.6773333333333333,0.24539210544679108,0.3261284786533183,0.047244094488189003,0.8494983277591973,1,True,,
380,560.5268292682927,718.2682926829268,205.0,47.26554686832103,-22.83952493446862,41.470677302224026,0.7031802936068412,0.5471793304806014,0.6346749226006192,0.14936914527561607,0.30905307585873254,0.11707317073170731,0.8401639344262295,-1,False,,
381,40.81159420289855,830.9082125603865,207.0,19.143840582750784,-6.754098853294144,-6.255047786632446,0.8042903758081266,0.7723401256219046,0.6571428571428571,0.6332888038837967,0.10137543461514988,0.02898550724637683,0.9039301310043668,-1,False,,
382,764.1027027027027,24.71891891891892,185.0,32.597064524649326,-20.7090122772764,23.258431630270362,0.5346491508852085,0.934074008821754,0.5692307692307692,0.4459494757491189,0.35652486877264206,0.08648648648648649,0.7974137931034483,1,True,,
383,1112.7802197802198,69.76923076923077,273.0,36.267405999684044,-21.701130031807057,26.33830962252209,0.5529116660355174,0.9026204741462533,0.5833333333333334,0.3181401170217074,0.3054442404643138,0.1208791208791209,0.8076923076923077,1,True,,
384,211.9407114624506,224.22924901185772,253.0,43.67125688413659,-31.763112786253092,38.06278853034525,0.5681566914632074,0.9000901113701806,0.55119825708061,0.3780259666117755,0.4520300005382229,0.10671936758893286,0.8135048231511254,1,True,,
385,236.61748633879782,249.6775956284153,183.0,34.8540088134956,-24.227467681066955,30.205776597782222,0.7571075964149131,0.789654877531313,0.6019736842105263,0.3665243595268557,0.38878822998433815,0.021857923497267784,0.8798076923076923,1,True,,
386,1488.885,366.88,200.0,44.06176794962074,-32.43622542429024,37.3202782780995,0.6428444502570018,0.8317017821899757,0.7142857142857143,0.4049709463864565,0.44321424394845965,0.040000000000000036,0.8547008547008547,1,True,,
387,1174.541237113402,376.55670103092785,194.0,46.25094849880729,-35.833755631521726,44.290856328054794,0.747388196762954,0.8159590202070884,0.6381578947368421,0.38063551900313075,0.5167684113395583,0.04123711340206182,0.8778280542986425,1,True,,
388,205.0,717.1935483870968,186.0,27.66339352168499,-14.032982023840244,15.20733622887385,0.7020919461817451,0.7740311239661666,0.5758513931888545,0.3805817205819391,0.21842037501334344,0.06451612903225812,0.8571428571428571,1,True,,
389,1395.2673796791444,828.0641711229947,187.0,35.1568334453363,-15.298777687614782,23.82924027282417,0.6860254867663782,0.6305056133197613,0.5789473684210527,0.15553900858457076,0.21652293312836457,0.048128342245989275,0.8385650224215246,-1,False,,
390,448.1497005988024,835.8862275449102,167.0,33.99196223246286,-17.833435224936895,24.77488779546238,0.7231551009909118,0.611996866833383,0.6139705882352942,0.2350778208521312,0.2645065224545445,0.05988023952095811,0.8477157360406091,1,True,,
391,201.8956228956229,47.26262626262626,297.0,48.47629321784888,-33.16858230923569,40.17504654232637,0.4996586355523469,0.8227725379560931,0.4782608695652174,0.34331733710838086,0.406352354621245,0.14814814814814814,0.7518987341772152,1,True,,
392,138.984,50.344,250.0,43.00041888203826,-32.23276107750204,38.23742498576967,0.5054169540774762,0.8570609199896584,0.5387931034482759,0.3858875506520271,0.45383575159311296,0.06399999999999995,0.7911392405063291,1,True,,
393,78.18478260869566,76.22826086956522,184.0,36.065896595826764,-20.136361288249976,22.621494166901126,0.631888906375878,0.7273039372077471,0.5154061624649859,0.31466320764435374,0.2575183810322019,0.13586956521739135,0.8177777777777778,1,True,,
394,261.0670731707317,98.40853658536585,164.0,48.28114293792243,-38.8945292283066,46.49992383327993,0.8343867817573786,0.7596984025335758,0.6074074074074074,0.4008147248589411,0.5300098893845954,0.018292682926829285,0.9111111111111111,1,True,,
395,286.0585106382979,128.95212765957447,188.0,36.53025933950862,-21.992500978623625,27.342072571529908,0.7457506122829859,0.8423836419647427,0.6394557823129252,0.32417762047670623,0.3329936560401891,0.13297872340425532,0.8867924528301887,1,True,,
396,633.5663265306123,169.3469387755102,196.0,47.90985814131357,-38.176722464248,44.77953724472585,0.7048624360266146,0.5594097066121343,0.6447368421052632,0.4258550787914772,0.5337906514807623,0.056122448979591844,0.8484848484848485,1,True,,
397,1285.4301075268818,172.76344086021504,186.0,44.18056422113602,-34.05028618296365,39.62323265663522,0.7378170951310391,0.6623146528274607,0.62,0.39356119594266337,0.4637896582003563,0.016129032258064502,0.8815165876777251,1,True,,
398,180.54166666666666,173.8154761904762,168.0,31.06084152370174,-21.103855738092633,23.07897082339022,0.7552653788940191,0.7342394998138886,0.6222222222222222,0.38635373137713896,0.3432581762871927,0.059523809523809534,0.8983957219251337,1,True,,
399,1330.3591549295775,177.80281690140845,142.0,38.206152652386024,-24.089019725255863,27.756620394710843,0.7357122844580738,0.49220369865864244,0.7244897959183674,0.3545594145609459,0.3345396589933777,0.11971830985915488,0.8711656441717791,-1,False,,
400,3.425,195.61666666666667,120.0,47.73530956270183,-29.216122793216023,40.77257585110759,0.5620158046305692,0.9190205079635019,0.5454545454545454,0.26873018058637776,0.38590700291097163,0.18333333333333335,0.8333333333333334,1,True,,
401,717.9703703703703,199.7037037037037,135.0,36.41831672570207,-24.25431235995608,26.897477358996838,0.8678400078469523,0.5641985252321644,0.6428571428571429,0.3882705363410491,0.33891195729374884,0.022222222222222254,0.9,1,True,,
402,79.12837837837837,222.36486486486487,148.0,49.00204859469486,-37.89466055247054,47.41662188817206,0.797737884989918,0.5891674535056919,0.6607142857142857,0.3626371739885291,0.5070303624143472,0.006756756756756799,0.8809523809523809,1,True,,
403,1427.1400778210116,238.82490272373542,257.0,47.89279543118399,-38.80534160379904,45.51564126835827,0.6780962256689876,0.8619086279483874,0.558695652173913,0.42427398299196817,0.5339034385254411,0.027237354085603127,0.8954703832752613,1,True,,
404,569.236641221374,236.68702290076337,131.0,48.51634476375788,-40.356704866150636,46.6609899108604,0.9059476959446275,0.5628525146673502,0.6683673469387755,0.4281329844744151,0.5438988470394193,0.007633587786259555,0.903448275862069,1,True,,
405,64.12946428571429,261.07589285714283,224.0,46.77534248379269,-26.365057371572274,39.016529608088504,0.6541494092989446,0.8365155363966742,0.5833333333333334,0.2434187339094933,0.3475543414471239,0.2455357142857143,0.8517110266159695,1,True,,
406,1483.647509578544,263.15325670498083,261.0,24.40509049930904,-13.568686138810223,10.913670472453077,0.5176619941645195,0.8151812649359863,0.47802197802197804,0.40212215388985884,0.22240938742598698,0.05747126436781613,0.781437125748503,1,True,,
407,558.9403973509934,283.9370860927152,302.0,29.813278425565372,-17.786423682836112,21.39379899636087,0.5553041751482785,0.8116152143967423,0.5392857142857143,0.4288762103494824,0.36802771585740596,0.152317880794702,0.7783505154639175,1,True,,
408,98.74909090909091,310.11636363636364,275.0,37.156616382230595,-24.638210442491836,30.846158274609717,0.5129007724030381,0.8709287133831662,0.5456349206349206,0.33713577140461315,0.36494650066576223,0.08727272727272728,0.7493188010899182,1,True,,
409,637.9170305676856,334.1965065502183,229.0,42.97879065420634,-27.72047770275994,32.18629466377886,0.5712342468089198,0.6481935946657458,0.49782608695652175,0.33933142979332453,0.36299257380603184,0.19213973799126638,0.7736486486486487,-1,False,,
410,168.78225806451613,354.28225806451616,124.0,37.72413041842453,-26.987963881990396,29.639297154183676,0.8816017550839543,0.4008214984289056,0.6813186813186813,0.39860623510133836,0.39643075148905477,0.07258064516129037,0.9185185185185185,-1,False,,
411,850.8021390374331,404.42245989304814,187.0,47.77223112589395,-25.69285039438194,34.2108234395116,0.6724963037600864,0.8526501507330593,0.5936507936507937,0.32843683391092293,0.3445717259683711,0.3529411764705882,0.8577981651376146,1,True,,
412,1040.3333333333333,401.188679245283,159.0,28.715456856727403,-19.483319694490017,21.34219258652717,0.8620972987644264,0.7404011778169305,0.7644230769230769,0.40018412133432785,0.38536728473391924,0.04402515723270439,0.9244186046511628,-1,False,,
413,753.4326923076923,437.5576923076923,104.0,39.92352071549696,-22.57838900536856,22.111773963397752,0.8250857838024523,0.6683755043454759,0.6190476190476191,0.3843330004467414,0.2597200172738387,0.16346153846153844,0.8739495798319328,1,True,,
414,111.98617511520737,581.8341013824885,217.0,64.04199914214612,-45.31174867580958,61.33572522961657,0.5794913351699651,0.43169973837217107,0.5166666666666667,0.2993133017269697,0.4912391182739064,0.07834101382488479,0.8097014925373134,-1,False,,
415,290.9377990430622,681.8708133971292,209.0,52.27940955627833,-38.83432390822691,50.07955152468102,0.5492802525631603,0.5171543693032604,0.55,0.3388143926858902,0.49971648451814243,0.07655502392344493,0.7977099236641222,-1,False,,
416,1339.1063829787233,753.6510638297873,235.0,36.457890386699866,-23.833634290632933,27.58458901525859,0.5451875629039222,0.8573283374121332,0.49473684210526314,0.3415463606093792,0.34307454776890733,0.07659574468085106,0.7730263157894737,1,True,,
417,214.68,832.775,200.0,22.27695826526657,-7.237560716274341,-0.9376124051986168,0.5539821945305635,0.8711495752761884,0.5797101449275363,0.4466140342503786,0.09541465519461781,0.10999999999999999,0.8032128514056225,-1,False,,
418,274.0637254901961,837.9460784313726,204.0,22.250155113033642,-6.582371897469562,-6.819337653538682,0.6506418060848522,0.7985207497252133,0.6071428571428571,0.6917409422789135,0.07749692838200752,0.02450980392156865,0.8429752066115702,-1,False,,
419,627.828947368421,839.6315789473684,152.0,24.870664446492317,-13.0137389711459,10.621660438578148,0.8785586046978558,0.6655871138748024,0.7307692307692307,0.37242970130357306,0.20293983939642968,0.0,0.9101796407185628,-1,False,,
420,45.91275167785235,11.704697986577182,149.0,37.80089958167021,-23.982886144458075,34.46009941273581,0.7477100667101787,0.6996464247405502,0.6367521367521367,0.28504251083671645,0.38480615935869666,0.12751677852348997,0.861271676300578,1,True,,
421,36.80421686746988,29.753012048192772,332.0,40.570646738113375,-23.887928354547796,32.837068612339,0.4675566296399823,0.7129388216608289,0.5123456790123457,0.2439973074718412,0.32739540766251374,0.19578313253012047,0.7264770240700219,-1,False,,
422,1275.1026785714287,46.629464285714285,224.0,48.97878599342217,-36.94534230491679,42.762781493029024,0.45285359085341853,0.7870556865983859,0.448,0.40148327040619086,0.4673789429278778,0.0625,0.6850152905198776,1,True,,
423,804.7833333333333,70.82777777777778,180.0,35.705032475442444,-22.19687940025856,26.480773486819924,0.6706123703409533,0.7446096144180099,0.5921052631578947,0.32399999680411484,0.336084401462641,0.12777777777777777,0.8256880733944955,1,True,,
424,821.7786259541984,89.73282442748092,131.0,52.357432567240366,-37.314347682191816,47.59783983776266,0.7373959458216046,0.5575480143230128,0.5504201680672269,0.3513813277578536,0.47416626940701756,0.1145038167938931,0.8343949044585988,-1,False,,
425,197.44,102.79428571428572,175.0,41.71039705125584,-32.56578621046214,37.14897796270749,0.698434373739143,0.3355846446120531,0.5718954248366013,0.41378847530909946,0.47457250450338634,0.05142857142857138,0.8454106280193237,-1,False,,
426,319.7732558139535,154.9360465116279,172.0,44.01953389554962,-35.742213570456165,41.977948775645935,0.7906716965636248,0.7731501222348246,0.5951557093425606,0.4251657367445702,0.5415491914853107,0.03488372093023251,0.8865979381443299,1,True,,
427,509.28389830508473,157.27966101694915,236.0,43.11469590051937,-31.02466617227166,35.45378571024712,0.4002067826082664,0.4556371896978297,0.427536231884058,0.4029336639885175,0.4359541482023768,0.1228813559322034,0.6742857142857143,-1,False,,
428,740.4666666666667,205.83030303030304,165.0,34.72445838807603,-20.78145544142047,20.98759491236217,0.7584931972848726,0.2925636514084443,0.6066176470588235,0.35972712681148994,0.29117077390352886,0.10303030303030303,0.868421052631579,-1,False,,
429,944.5172413793103,218.8706896551724,116.0,29.77003429435926,-21.995053667750913,23.123097549167976,0.9316128049591125,0.5992041856957225,0.7532467532467533,0.3909887832685791,0.37048244527701674,0.025862068965517238,0.928,-1,False,,
430,447.9529411764706,304.1441176470588,340.0,31.979143640453014,-17.398427148435548,20.76725420962944,0.386397643117359,0.9288690876160669,0.39080459770114945,0.28387539673815754,0.27263208888471124,0.12941176470588234,0.6706114398422091,1,True,,
431,367.39591836734695,356.0285714285714,245.0,36.447073675455705,-21.126458321339555,26.690429349703304,0.54715732807596,0.8698358491190005,0.6282051282051282,0.32967094265836844,0.34030031093529295,0.1959183673469388,0.7704402515723271,1,True,,
432,667.6292682926829,399.190243902439,205.0,41.082017902374645,-25.320923056878588,35.17220852443728,0.7008508326379089,0.8453848365167314,0.6972789115646258,0.263867272581996,0.36909955910793163,0.08780487804878045,0.8760683760683761,-1,False,,
433,85.775,400.91,200.0,48.186560593503344,-35.05659853525753,44.00577044282773,0.626142842859241,0.8727059191886151,0.6060606060606061,0.3507812190800905,0.4684987322986126,0.06999999999999995,0.851063829787234,1,True,,
434,944.5352697095435,627.8257261410788,241.0,44.48601066981494,-30.444755702800574,41.85473482451945,0.7219134147034482,0.849707319215364,0.5738095238095238,0.3026898933953269,0.4364141266004673,0.07883817427385897,0.8892988929889298,1,True,,
435,616.4311377245509,768.1497005988024,167.0,36.15030871286064,-17.700000622674523,25.59919130586873,0.49238998849192916,0.8694858802973296,0.453804347826087,0.21409782918984305,0.252035407739842,0.08982035928143717,0.7136752136752137,1,True,,
436,1136.1333333333334,13.615686274509804,255.0,42.48245311598956,-26.74363169113396,29.665563663985708,0.4562567334238408,0.5424807878574711,0.4434782608695652,0.3501114925333098,0.34304568951620773,0.2196078431372549,0.6891891891891891,-1,False,,
437,63.3089430894309,31.691056910569106,123.0,42.15679068374428,-29.43933123807773,37.55338737351778,0.8184998319466127,0.7302320304251475,0.6307692307692307,0.3182876438387041,0.4168648378151219,0.06504065040650409,0.8848920863309353,1,True,,
438,449.68817204301075,33.98924731182796,186.0,43.68330148086367,-35.65840050347295,41.229391754506345,0.7165680649376772,0.8027681114532401,0.7153846153846154,0.43158126606415675,0.5253710104252702,0.037634408602150504,0.8651162790697674,1,True,,
439,752.265625,39.578125,128.0,41.29250941763318,-26.378503145336865,31.48651267821375,0.8164916782241283,0.5711134801696722,0.7111111111111111,0.33146722591482103,0.3480102978646755,0.171875,0.8888888888888888,2,False,,
440,356.7258883248731,106.4771573604061,197.0,41.19047183178048,-25.058176847100874,33.06948866999246,0.545672461612605,0.8372290881621971,0.4758454106280193,0.26797971621080097,0.3525179629852324,0.12182741116751272,0.7576923076923077,1,True,,
441,1064.9772727272727,141.76136363636363,176.0,32.35915473790089,-21.736729288571084,24.61423754349784,0.7912303969365913,0.7716499575441774,0.6901960784313725,0.35113746126775036,0.343045341888104,0.022727272727272707,0.9214659685863874,1,True,,
442,487.6277777777778,184.4,180.0,22.209986707120766,-13.157070940141525,12.777648966033674,0.7140165436751992,0.7803198830471648,0.625,0.4927827200541894,0.3447360020958715,0.10555555555555551,0.8780487804878049,1,True,,
443,1248.1787709497207,197.94972067039106,179.0,29.736145530112765,-18.102810852498717,20.741593178691257,0.6854757730139406,0.8641538722823442,0.5524691358024691,0.3790410692340502,0.3041085906576511,0.12849162011173187,0.8647342995169082,1,True,,
444,1482.1007751937984,226.66666666666666,129.0,43.17088184569897,-36.249728173128,40.353609753137825,0.9171502129502428,0.5039580838968806,0.6615384615384615,0.4581987379595291,0.5293281813000523,0.0,0.9084507042253521,1,True,,
445,638.3423728813559,266.064406779661,295.0,48.05698015377037,-36.2467565298144,42.60470774584453,0.37521966557687003,0.902300408516323,0.3767560664112388,0.3780164473642737,0.45400081079895216,0.04406779661016946,0.6441048034934498,-1,False,,
446,1050.923076923077,266.87002652519897,377.0,32.67943705094053,-18.52452737198997,22.75914865744785,0.37066425058995184,0.7783012840581206,0.3800403225806452,0.30439272946838675,0.2935879859821352,0.13793103448275867,0.6579406631762653,-1,False,,
447,23.04,282.92,175.0,41.04582618885343,-33.440290686034814,41.0543431029816,0.7304274386079219,0.8737217923528775,0.6628787878787878,0.38900437448705943,0.5248431771142142,0.011428571428571455,0.8974358974358975,1,True,,
448,509.017094017094,290.5854700854701,234.0,40.650669478805334,-27.21206619399851,33.2205412715727,0.5145236501737104,0.8758402808631557,0.5098039215686274,0.34113219106553966,0.38542911149243003,0.08974358974358976,0.7548387096774194,1,True,,
449,1297.6283783783783,303.6283783783784,148.0,45.278952931044415,-35.575025701374166,42.2593898995082,0.7787281534832762,0.7326440046153938,0.669683257918552,0.3960276404143991,0.5001037666523779,0.013513513513513487,0.8809523809523809,1,True,,
450,321.8641304347826,304.85869565217394,184.0,23.36872038572984,-10.990223386264937,9.911799801107327,0.6311471903593111,0.7901979290837486,0.575,0.3457133977005825,0.20598877314098543,0.13586956521739135,0.8440366972477065,1,True,,
451,1083.429411764706,323.0529411764706,170.0,44.96965890544211,-36.69022993514842,44.10974859947506,0.7086399540947876,0.8535477645209635,0.5882352941176471,0.4272700154606034,0.5588557303828352,0.02941176470588236,0.8808290155440415,1,True,,
452,435.8775510204082,341.38775510204084,98.0,44.70088923225651,-23.883670402197218,35.85153001070409,0.8358299164181712,0.5000394613375344,0.7424242424242424,0.21266415585972825,0.3439823002839575,0.20408163265306123,0.8909090909090909,2,False,,
453,1365.1185185185186,438.9555555555556,135.0,39.43063991630355,-32.34536292087267,39.26938250154515,0.8650568074026557,0.7535236776442665,0.6108597285067874,0.41421404304327786,0.548149146967464,0.029629629629629672,0.9183673469387755,1,True,,
454,1090.4163701067616,662.1565836298932,281.0,45.27265396886689,-26.90365355924152,39.44408963154544,0.46563628474604124,0.9203379479540384,0.4162962962962963,0.23120374206181787,0.35383175029767366,0.10320284697508897,0.7394736842105263,1,True,,
455,381.4907749077491,675.6642066420665,271.0,47.45868060907432,-31.457174426531523,42.79709290403032,0.4389270886980143,0.8288597242651287,0.5018518518518519,0.27481152837566786,0.40280257943481534,0.11439114391143912,0.6860759493670886,1,True,,
456,1183.0071428571428,736.45,140.0,51.68174249593348,-38.26617729551292,51.236335942966846,0.7366347397814774,0.7177848382868203,0.6334841628959276,0.31854105421475004,0.5112319914358002,0.02857142857142858,0.8695652173913043,1,True,,
457,807.6607142857143,766.9285714285714,112.0,37.05676490432625,-18.26808541336324,28.722137690399514,0.9432711477921326,0.5602582192390586,0.6666666666666666,0.2124756494803088,0.26582118842218605,0.017857142857142905,0.9105691056910569,1,True,,
458,803.0472972972973,809.5540540540541,148.0,39.93321666121383,-21.630856405532565,24.268198711078252,0.8058163983918638,0.7433301324061798,0.669683257918552,0.29714188170996875,0.25339354851560014,0.11486486486486491,0.8757396449704142,1,True,,
459,683.953947368421,831.3486842105264,152.0,28.943323710384885,-13.932865197502796,14.667602246728038,0.7886606656556396,0.821740350137231,0.7676767676767676,0.30047687045053434,0.20138135315899394,0.09868421052631582,0.8941176470588236,-1,False,,
460,1192.7299270072992,883.0948905109489,137.0,48.87277582033618,-37.95193315868598,48.10056679299476,0.7644534157323205,0.7500812576538219,0.5708333333333333,0.36188945554903823,0.5276941550474097,0.058394160583941646,0.8670886075949367,1,True,,
461,47.86585365853659,895.9512195121952,164.0,24.455831356063747,-9.945396101907647,8.276404495234724,0.7440970831870565,0.7662299661807311,0.7420814479638009,0.32580104436180213,0.13941067086941586,0.054878048780487854,0.8864864864864865,-1,False,,
462,335.9922480620155,906.6821705426356,129.0,38.899688787976345,-25.7126630326992,34.886697183348524,0.7845490848050384,0.6456310793576922,0.6201923076923077,0.26765532006126963,0.3785673813071362,0.007751937984496138,0.8716216216216216,1,True,,
463,283.06611570247935,958.9752066115702,121.0,25.12637842156186,-10.961206935913246,8.292177808729857,0.8367913832770987,0.705884672618569,0.6875,0.3740616941070261,0.15101806827135816,0.0,0.8962962962962963,1,True,,
464,631.3854748603352,13.402234636871508,179.0,39.528827441675105,-25.906466557735637,30.10234439656935,0.5671574686402482,0.5508345440112808,0.44862155388471175,0.3576525868899995,0.36891620718567064,0.13407821229050276,0.7306122448979592,-1,False,,
465,1117.75,50.266666666666666,120.0,34.85627329161871,-23.89045154204905,26.67223970350981,0.6814380442932862,0.38499209353975683,0.6153846153846154,0.38874987959861756,0.39276487634827695,0.10833333333333328,0.8391608391608392,-1,False,,
466,957.042654028436,56.165876777251185,211.0,45.67536518705233,-37.010099437970176,41.44246313738128,0.6097890315501567,0.8938080370089133,0.6242603550295858,0.4407924435573732,0.5053389763803844,0.018957345971563955,0.82421875,1,True,,
467,277.84583333333336,64.9125,240.0,43.306561357598056,-25.05593141900419,35.12579081541879,0.48309536480171383,0.8364273135164888,0.5052631578947369,0.28441795154164234,0.3426206845790148,0.20416666666666672,0.729483282674772,1,True,,
468,1146.445652173913,62.65217391304348,184.0,45.99249382398718,-36.24004414699676,40.78214578311758,0.6617075930045769,0.8657139360820422,0.5841269841269842,0.47424780269679817,0.526248498617307,0.1032608695652174,0.8720379146919431,1,True,,
469,125.75862068965517,77.61637931034483,232.0,21.767615192609615,-9.212546455469516,8.959819782464832,0.5468989114564373,0.8410184671273543,0.48333333333333334,0.27596578869069444,0.16960482440631966,0.09051724137931039,0.7891156462585034,1,True,,
470,1083.5878594249202,81.78594249201278,313.0,34.56559714791753,-19.397827211676894,19.960194178035533,0.34857599676379875,0.9074148497489111,0.3481646273637375,0.3701974071008852,0.27025433925810616,0.20127795527156545,0.6065891472868217,1,True,,
471,1253.820987654321,104.00617283950618,162.0,29.199791937344443,-20.107679937567077,20.274285475170842,0.7059936835313866,0.8503958737824238,0.5684210526315789,0.44871736837573994,0.3502842797725289,0.012345679012345734,0.8663101604278075,1,True,,
472,823.8571428571429,118.50714285714285,140.0,47.20087310244045,-39.233897269868095,44.857726292656245,0.6957826241063335,0.4642340428206479,0.546875,0.4421784746859755,0.5527963677687304,0.050000000000000044,0.8433734939759037,-1,False,,
473,500.0040816326531,124.35510204081632,245.0,28.49116555712781,-15.783193794151856,15.643208415521158,0.423582415088614,0.6666558412202952,0.4666666666666667,0.344946053274432,0.2528492610179344,0.08571428571428574,0.6568364611260054,-1,False,,
474,1240.8983050847457,152.3050847457627,295.0,21.281371323179382,-11.142854873843651,10.03007722107574,0.43719027943879907,0.8737605055242257,0.5086206896551724,0.34238854156712356,0.27519957653515165,0.16271186440677965,0.6990521327014217,-1,False,,
475,1315.3309859154929,164.18309859154928,142.0,24.769005926607072,-15.46873505124686,10.028606563109964,0.6794098968056559,0.6846603910383459,0.5966386554621849,0.516956466394411,0.2917757967985432,0.06338028169014087,0.8711656441717791,1,True,,
476,689.0974025974026,201.67207792207793,308.0,48.00068754470218,-32.97158939400756,39.3947695223272,0.4832134545059268,0.9092500888482821,0.44,0.379712445467904,0.4184141034236202,0.18831168831168832,0.7457627118644068,1,True,,
477,219.42857142857142,203.8452380952381,168.0,37.992590268475546,-24.664019964176788,30.31260771338726,0.6907421650175735,0.7997849006660618,0.5894736842105263,0.30969880601125105,0.3475830366036722,0.0714285714285714,0.8527918781725888,1,True,,
478,27.31390134529148,221.48430493273543,223.0,51.69196948185703,-38.36791514824222,47.410325487114825,0.49033664097751034,0.8903051524028496,0.4694736842105263,0.3588038849322785,0.46677771965751735,0.04484304932735428,0.745819397993311,1,True,,
479,1169.103448275862,335.7586206896552,58.0,37.54195896163188,-24.891763425322896,29.864416472209967,0.9648004180049486,0.7256753494761854,0.7532467532467533,0.3099962955918805,0.37197939589105805,0.08620689655172409,0.9206349206349206,-1,False,,
480,27.36315789473684,398.7578947368421,190.0,51.4590228669729,-39.00208672008653,46.964763176590466,0.6970312432385662,0.8643638975472822,0.6884057971014492,0.37492466270923613,0.47286744666726965,0.015789473684210575,0.8962264150943396,1,True,,
481,1496.95,403.975,80.0,26.080723370417466,-16.332743352801106,20.258090790088566,0.6238768966913473,0.9426785334563801,0.7843137254901961,0.26807568687945604,0.29579619572032245,0.012499999999999956,0.8695652173913043,-1,False,,
482,194.35114503816794,469.8625954198473,131.0,40.11996921308302,-26.753378736391646,33.11379714134175,0.7967126365074421,0.7419367954130395,0.6822916666666666,0.32600370151851016,0.3828519007176843,0.0992366412213741,0.8733333333333333,1,True,,
483,735.1379310344828,579.1551724137931,116.0,58.756366254652285,-41.09832642003274,56.352872128733594,0.7319212417629103,0.6181775846477117,0.7532467532467533,0.2979858021797805,0.4802030535607502,0.06896551724137934,0.8787878787878788,-1,False,,
484,194.9029535864979,626.7257383966245,237.0,62.356660843386905,-47.55208645567266,58.89532721607341,0.5462199218715958,0.9451709730236467,0.44886363636363635,0.36710493722419696,0.5168748513052736,0.03797468354430378,0.8345070422535211,-1,False,,
485,666.4453125,662.0078125,128.0,46.39362986250034,-33.07185492095392,40.42880681903674,0.7989260423269349,0.5676880648526256,0.7111111111111111,0.3431666035903618,0.42370141146238893,0.078125,0.8951048951048951,1,True,,
486,995.9923076923077,690.0615384615385,130.0,66.74262974658221,-48.39063035329984,65.4403824986502,0.732868878002631,0.4856080686119997,0.6190476190476191,0.30912401217680713,0.5355961364049178,0.09999999999999998,0.8609271523178808,-1,False,,
487,330.9300699300699,699.2377622377622,143.0,49.76527265328225,-38.036391072605504,49.197528935300596,0.7450034939100723,0.8371847257798284,0.6111111111111112,0.35349326315042856,0.5215392969288193,0.020979020979020935,0.8881987577639752,1,True,,
488,30.949685534591193,708.8301886792453,159.0,38.805957313729,-20.18383770297883,29.27152470244024,0.8249805647318862,0.7540428022608507,0.6680672268907563,0.31471708103569235,0.2692189488366668,0.037735849056603765,0.888268156424581,1,True,,
489,930.1533333333333,764.12,150.0,25.85451369345546,-12.160394398727268,10.456260315723089,0.7892515069087261,0.7729199242148519,0.5882352941176471,0.37971475144227346,0.18098310653120278,0.06000000000000005,0.872093023255814,1,True,,
490,1230.612359550562,960.9606741573034,178.0,46.05195278492068,-34.576495433619904,41.466920397549394,0.7147718934600087,0.8367177739211153,0.55625,0.4043905586841401,0.47628775682677044,0.050561797752809,0.8640776699029126,1,True,,
491,361.4075829383886,12.203791469194313,211.0,28.559714846906953,-16.60594069525501,15.357462225031579,0.5382933074441228,0.8309741585101634,0.47954545454545455,0.37251520552341405,0.2764497952385678,0.1563981042654028,0.7785977859778598,1,True,,
492,12.594594594594595,22.094594594594593,74.0,45.90376566684022,-25.41281530366959,25.01405400064259,0.8361219769940749,0.47667460333272715,0.6115702479338843,0.3434074124371683,0.26929052818465876,0.2567567567567568,0.8705882352941177,-1,False,,
493,1202.8148148148148,18.14814814814815,54.0,23.712539718644045,-15.825842012382152,9.735243091328714,0.8717881092916564,0.7443399307462639,0.7714285714285715,0.40459318348654993,0.24789973320784392,0.01851851851851849,0.8852459016393442,-1,False,,
494,505.5,27.22222222222222,90.0,48.94140917823779,-37.5410768129856,45.40920676031142,0.8945776595652861,0.4749571235626168,0.6818181818181818,0.3614559719959895,0.4797454631990857,0.05555555555555558,0.9,1,True,,
495,1132.3240740740741,36.55555555555556,108.0,39.384104285541035,-27.012131972076418,35.01606856009703,0.8479715073087583,0.6850055453895788,0.6136363636363636,0.2986565589628838,0.3909477688096188,0.02777777777777779,0.8925619834710744,1,True,,
496,167.20422535211267,44.014084507042256,142.0,45.33224283671958,-30.392456441830696,42.80919355507048,0.6886003365336532,0.8953609562430609,0.5220588235294118,0.27242757936178796,0.43004967838945524,0.07042253521126762,0.8711656441717791,1,True,,
497,97.04587155963303,65.88990825688073,109.0,37.6588819266503,-23.123629452611485,27.3424661436984,0.7452950317808008,0.37298116235962353,0.5989010989010989,0.2982768853870007,0.32424449223444,0.08256880733944949,0.8449612403100775,-1,False,,
498,1228.8229166666667,75.17708333333333,96.0,26.185668531931736,-14.686611641657477,13.532231759097423,0.9360615790200074,0.35517688850377477,0.7933884297520661,0.3257610995012025,0.22772353503872486,0.01041666666666663,0.9142857142857143,-1,False,,
499,225.66666666666666,107.76595744680851,141.0,40.376728497333474,-22.857970466305268,32.58447016968128,0.3974404299937344,0.9393329126671293,0.34057971014492755,0.2450225851597621,0.3340012933662597,0.17021276595744683,0.6682464454976303,1,True,,
500,176.86904761904762,122.30952380952381,168.0,35.458126229956534,-22.141439467766062,30.604370245120943,0.48551922891197313,0.7935266380137138,0.4772727272727273,0.32238482898988186,0.3749108471508537,0.125,0.711864406779661,1,True,,
501,436.22222222222223,119.84057971014492,207.0,30.517777824390098,-18.74155463549717,19.053722436792086,0.5561397213803836,0.8609640882221139,0.4683257918552036,0.38198906917502917,0.3140068322978014,0.12077294685990336,0.7340425531914894,1,True,,
502,1496.240506329114,121.13924050632912,79.0,31.84559156746059,-16.576290445390487,14.314133597434546,0.7359431019655861,0.8678376719855798,0.6583333333333333,0.4890638561565665,0.2121367582791968,0.12658227848101267,0.8977272727272727,-1,False,,
503,606.6268656716418,131.44776119402985,67.0,9.840131795974319,-7.881031877522161,5.133210611986356,0.816762867914897,0.5408328989578765,0.6090909090909091,0.5178516624467586,0.3216168651941107,0.07462686567164178,0.881578947368421,-1,False,,
504,105.8425925925926,143.66666666666666,108.0,25.735783741565452,-13.982151845799818,16.91945112634136,0.7678466899118309,0.629585652377934,0.5934065934065934,0.3312148269679811,0.2387712221264977,0.07407407407407407,0.8571428571428571,1,True,,
505,827.8148148148148,153.35802469135803,243.0,39.4003545093401,-24.225121935174684,28.523950080760624,0.429793891576573,0.9158313926485828,0.46551724137931033,0.3817005422993452,0.3462986046517337,0.2098765432098766,0.6532258064516129,1,True,,
506,392.735632183908,159.0,87.0,39.073370682115,-32.048887971853624,36.350177985488806,0.8630325666661722,0.5760577065585778,0.6590909090909091,0.47209273758290826,0.5627078919232577,0.10344827586206895,0.8787878787878788,1,True,,
507,240.71774193548387,175.42741935483872,248.0,36.23229039448403,-24.666800823685584,29.024403672581546,0.40707132172845767,0.8682210261645029,0.4,0.3325753136718225,0.37161236052070895,0.032258064516129004,0.6475195822454308,1,True,,
508,1429.8659217877096,205.41899441340783,179.0,31.55669474573314,-17.02722530551548,20.883551367506044,0.5862795018677398,0.6332088164839529,0.5264705882352941,0.2388655342962905,0.2509245691956255,0.1061452513966481,0.7920353982300885,1,True,,
509,434.68548387096774,211.3951612903226,124.0,46.82435745318114,-29.170856143714598,38.786492641412245,0.557457779659871,0.912383040210146,0.45588235294117646,0.26353655094581263,0.3527102401900676,0.08064516129032262,0.8051948051948052,1,True,,
510,1233.338028169014,216.8732394366197,142.0,30.754144095941093,-17.820880642118002,22.013535679366875,0.6325596362998009,0.8709487160873143,0.5748987854251012,0.2637331826664822,0.29820307967266146,0.10563380281690138,0.8402366863905325,1,True,,
511,176.74257425742573,225.5049504950495,101.0,40.048039395101746,-21.91329942701247,33.939375253067986,0.84466842188465,0.435518201014057,0.7062937062937062,0.20625417959867137,0.33480869041811123,0.12871287128712872,0.8706896551724138,-1,False,,
512,50.166666666666664,241.52380952380952,252.0,31.27173871599405,-18.212698057977835,21.39971374185633,0.4895680548397293,0.9342338921910521,0.56,0.29417901979907163,0.29230783899898627,0.11111111111111116,0.7325581395348837,1,True,,
513,457.9758064516129,241.0241935483871,124.0,33.72483119455322,-20.628164686096465,17.48877529264405,0.6589753155409418,0.8406361668029478,0.6262626262626263,0.4139577513260226,0.2826249735249627,0.15322580645161288,0.8157894736842105,1,True,,
514,312.5416666666667,258.1666666666667,120.0,24.00380744430336,-14.084302294871373,18.341068822729042,0.736509207358374,0.7318666807857261,0.6153846153846154,0.2688378345221281,0.3179179602768272,0.05833333333333335,0.8633093525179856,1,True,,
515,455.7096774193548,269.43548387096774,124.0,48.66682798667226,-38.56184240624074,46.27476032593786,0.7945706971698466,0.715784512916516,0.5904761904761905,0.39285712496888253,0.5253468285645208,0.056451612903225756,0.8794326241134752,1,True,,
516,1169.9518072289156,268.67469879518075,166.0,18.810796955653327,-8.509622754547479,4.019937044721372,0.43065023190406637,0.9035777990970543,0.49404761904761907,0.4373438594615962,0.16975930500887784,0.11445783132530118,0.6974789915966386,-1,False,,
517,1139.7124183006536,272.281045751634,153.0,29.037624124804907,-21.13651062656256,19.463952984833817,0.5894350211584122,0.9120482856481382,0.6322314049586777,0.4705662968891119,0.38199083277578255,0.039215686274509776,0.827027027027027,1,True,,
518,1088.4519774011299,281.15819209039546,177.0,37.94700795213205,-24.028989932666907,25.46409305306175,0.7387751807634411,0.8622947033021477,0.6321428571428571,0.3565746701538226,0.3346388844278573,0.14689265536723162,0.8984771573604061,1,True,,
519,1493.2903225806451,292.41129032258067,124.0,48.714137769318896,-37.44203751135287,44.94224539394826,0.8292176267660334,0.708377891108311,0.7380952380952381,0.3726585364389804,0.4872365094000293,0.024193548387096753,0.8857142857142857,1,True,,
520,341.6789667896679,298.15867158671585,271.0,34.064316673190454,-22.21876837199156,25.5129812194986,0.40343496738996687,0.9308454939921326,0.38936781609195403,0.3618155378037273,0.34299290353411677,0.09963099630996308,0.6843434343434344,1,True,,
521,1362.2521008403362,301.218487394958,119.0,42.687442506367944,-34.34023972601433,40.93175361200974,0.8701323195920591,0.6571818501992641,0.7212121212121212,0.3935807582710971,0.5028730931402254,0.0,0.9083969465648855,1,True,,
522,711.7727272727273,302.87373737373736,198.0,41.71363682698961,-27.82391928867976,30.32526792809893,0.5837917228826466,0.7972656227053909,0.5546218487394958,0.3885388337452002,0.34432117942005697,0.09595959595959591,0.792,1,True,,
523,892.9549549549549,305.5405405405405,111.0,54.98555642742083,-42.78957465265841,51.005640609235236,0.8699801310006071,0.6596766086724902,0.6098901098901099,0.38012430850449985,0.49651183362479684,0.0,0.888,-1,False,,
524,11.131979695431472,313.3604060913706,197.0,35.466031000890766,-20.819332943642376,27.29897393240262,0.6681418319815974,0.8930361328894508,0.6314102564102564,0.2902216505694208,0.3197328176651963,0.1116751269035533,0.8794642857142857,1,True,,
525,931.1483870967742,320.1483870967742,155.0,32.39649883861584,-19.96364745161092,23.667780582218686,0.602246416667921,0.9041368873928091,0.5677655677655677,0.27555934516412595,0.2870762579503559,0.11612903225806448,0.8072916666666666,1,True,,
526,663.6534653465346,321.7227722772277,101.0,31.06502176530219,-15.780643627017962,19.343873983742192,0.8506284457768339,0.6240007915396705,0.6558441558441559,0.27280073994678433,0.24520626044509433,0.08910891089108908,0.8859649122807017,1,True,,
527,425.20108695652175,324.07608695652175,184.0,45.449241409434,-31.006378951718023,40.35701405820181,0.5655449569255689,0.8944654819332757,0.4842105263157895,0.30792161328313145,0.42382280690514523,0.09239130434782605,0.8034934497816594,1,True,,
528,459.6470588235294,324.92436974789916,119.0,46.976448786154656,-35.08443523338095,42.70540567482324,0.7709568052407929,0.7399285334485245,0.6102564102564103,0.35736333484910116,0.46094444894991,0.025210084033613467,0.8623188405797102,1,True,,
529,1075.6335403726707,340.639751552795,161.0,35.41346811730183,-22.49220653284257,26.850628317042574,0.6202551529836886,0.8950310355359459,0.6652892561983471,0.3330435639953021,0.35560666496709264,0.10559006211180122,0.8797814207650273,1,True,,
530,1379.6410256410256,341.4512820512821,195.0,30.34947944060647,-15.851671990019037,17.61187513555795,0.47299995885990825,0.769110219572585,0.48872180451127817,0.35327017108599346,0.2552898359604371,0.1282051282051282,0.7014388489208633,1,True,,
531,113.22018348623853,346.9357798165138,109.0,51.80085804429792,-31.40718729182362,47.01975711995099,0.8398485922387832,0.6567943805205898,0.6488095238095238,0.24973842850245467,0.3963136253280377,0.21100917431192656,0.8861788617886179,1,True,,
532,341.600790513834,351.00395256916994,253.0,44.24496488336655,-26.71529819973896,29.989658219853514,0.5061495602831367,0.8643696457404486,0.501984126984127,0.3383183372114958,0.3244308773943558,0.23320158102766797,0.7419354838709677,1,True,,
533,1462.3543307086613,351.88188976377955,127.0,25.820292123746277,-16.934504945516796,17.117011506426966,0.8227858341645438,0.7388591991843656,0.6978021978021978,0.4317490968882568,0.35913286745313583,0.047244094488189003,0.8881118881118881,1,True,,
534,1235.605504587156,364.3119266055046,109.0,47.35761745188139,-37.64521548870895,44.07913410356526,0.8298468284723238,0.5592109983623255,0.5989010989010989,0.40769576233461363,0.5097151959161146,0.04587155963302747,0.8790322580645161,1,True,,
535,19.412087912087912,367.35714285714283,182.0,36.89194311749795,-23.358950847292476,28.648730677505622,0.4465919611621207,0.9405200692259108,0.44607843137254904,0.2937734035345224,0.34086826337235315,0.09890109890109888,0.6946564885496184,1,True,,
536,404.3168316831683,383.13861386138615,101.0,45.078579448460516,-36.34415723203426,43.573804459339414,0.9165098219743013,0.592162225929283,0.7062937062937062,0.40066407606153204,0.5289720234894516,0.00990099009900991,0.9017857142857143,1,True,,
537,524.065934065934,389.4945054945055,91.0,50.14949557826431,-41.11425202943809,47.83985404725634,0.9536984185281885,0.5066923765222973,0.6363636363636364,0.413571508703651,0.5314109309034033,0.02197802197802201,0.91,1,True,,
538,165.841059602649,386.4039735099338,151.0,44.26634375925816,-27.206075009385756,41.11787807166741,0.6247171970418136,0.896096190164464,0.5992063492063492,0.2278053252310153,0.3892358734907693,0.052980132450331174,0.8296703296703297,1,True,,
539,313.0263157894737,391.6842105263158,114.0,35.67956301935238,-20.93700473458589,28.476354592816897,0.7883819644098284,0.5362476592328698,0.6263736263736264,0.2924275436814417,0.3293056361900087,0.07017543859649122,0.8702290076335878,1,True,,
540,326.4791666666667,405.6302083333333,192.0,42.21145895840686,-27.336685554138835,37.003386415436644,0.5514099610443531,0.861179227900884,0.5133689839572193,0.2843547671412428,0.38385836834398407,0.10416666666666663,0.758893280632411,1,True,,
541,630.7777777777778,406.5353535353535,99.0,33.1093173351659,-20.879369645579764,15.58152610848845,0.7854181980427191,0.7085934855449573,0.6875,0.507446177680083,0.27127440128889346,0.04040404040404044,0.8839285714285714,1,True,,
542,524.4424778761062,408.69026548672565,113.0,47.63701474193426,-29.68046480006602,38.151065494037354,0.594569468537907,0.9200780571914458,0.565,0.2986692258742003,0.36191458208898525,0.20353982300884954,0.8014184397163121,1,True,,
543,688.4071428571428,424.72857142857146,140.0,28.71203389766953,-19.340983765600985,12.728791484427818,0.5670888882415561,0.9135120811242422,0.4605263157894737,0.5579690628019827,0.289022777874821,0.021428571428571463,0.8187134502923976,1,True,,
544,1469.2977528089887,417.52247191011236,178.0,42.43961239693524,-27.788644458363976,34.74117945968047,0.44357188671480063,0.8869852582865265,0.45524296675191817,0.3068124216594053,0.3641345115022713,0.101123595505618,0.6793893129770993,1,True,,
545,843.2747252747253,430.5934065934066,91.0,50.48392409563806,-40.61876292070658,49.02089020116507,0.8257662752441725,0.42249364756256436,0.6893939393939394,0.39203564789923995,0.5414944042216291,0.03296703296703296,0.875,1,True,,
546,86.74418604651163,457.06976744186045,86.0,42.58278687223551,-26.72838021642674,34.32295090154708,0.8548186524734956,0.556112118719101,0.7166666666666667,0.2838587741865668,0.3516953565873379,0.06976744186046513,0.8775510204081632,2,False,,
547,1253.5234375,461.9609375,128.0,35.58418280385392,-19.523078550470043,19.801704305638278,0.7508496341465238,0.8482158207546133,0.5378151260504201,0.3300534017616883,0.2452727007912472,0.0546875,0.8827586206896552,1,True,,
548,1342.0169491525423,462.93220338983053,118.0,26.685886787181772,-15.043106401251226,14.820820705265715,0.8628202832929661,0.7719558604519651,0.6020408163265306,0.3039605984606354,0.23846534933200328,0.0,0.9076923076923077,1,True,,
549,1118.7777777777778,562.0,81.0,50.47579228632095,-35.81850317535923,47.02086651989085,0.9705391965307768,0.3487487767221471,0.6694214876033058,0.31377687001669846,0.4472223126593931,0.012345679012345734,0.8901098901098901,-1,False,,
550,134.51456310679612,564.504854368932,103.0,45.531238483389,-36.51067068942538,45.353654478749206,0.8417486795457712,0.469803975939196,0.6602564102564102,0.38479284218792775,0.5303935677681154,0.0,0.8728813559322034,1,True,,
551,671.3402777777778,566.2569444444445,144.0,50.13110827929846,-36.733729432344205,47.839444065324734,0.595756797178948,0.7768075434816635,0.5413533834586466,0.33975238259881735,0.4927050496141116,0.05555555555555558,0.8044692737430168,1,True,,
552,1303.724409448819,567.8346456692914,127.0,57.2597642421836,-40.59243239787018,54.197827571442694,0.7383609957122422,0.567190541953032,0.6479591836734694,0.3071038379209248,0.48108336223861364,0.055118110236220486,0.8410596026490066,-1,False,,
553,613.5412844036697,589.8073394495412,109.0,62.29142830649787,-44.62311324176645,60.026767344840884,0.4750204413884021,0.9068211076631468,0.47186147186147187,0.31046017102145274,0.5066433792267371,0.11009174311926606,0.6942675159235668,-1,False,,
554,1095.8173076923076,639.3365384615385,104.0,42.75886814467307,-34.24797409945622,41.172871949907815,0.8337404771354383,0.7162335439049756,0.6666666666666666,0.3861331001210671,0.4973148600413249,0.009615384615384581,0.8813559322033898,1,True,,
555,1369.4309623430963,670.071129707113,239.0,44.25955613510406,-25.137430721565064,39.0984253321027,0.45258302374120035,0.8258110309957382,0.38486312399355876,0.20288658463571485,0.36012008929601774,0.15899581589958156,0.6848137535816619,1,True,,
556,1392.8181818181818,687.8760330578513,121.0,43.34436830401126,-33.65356245739636,40.494618954088686,0.7358948779954236,0.6951261759654588,0.5401785714285714,0.43628935171060323,0.521340636921323,0.1074380165289256,0.8581560283687943,1,True,,
557,1461.123076923077,695.723076923077,130.0,56.4459303422173,-40.117031898542685,55.80018560635229,0.8422217200109503,0.7824001508720219,0.6951871657754011,0.2954355299472809,0.5020125808624121,0.01538461538461533,0.9027777777777778,-1,False,,
558,356.4405286343612,695.7973568281939,227.0,42.44254930422701,-28.370823460128967,31.76165172305023,0.44749471946353664,0.8637906662524428,0.43238095238095237,0.3749943158962653,0.3532746684314921,0.1145374449339207,0.737012987012987,1,True,,
559,185.15116279069767,696.4767441860465,86.0,52.20347252555289,-33.98273182150959,50.40886636649327,0.914062534460016,0.34229994317334567,0.7107438016528925,0.2523959377823874,0.43870306188283964,0.0,0.8865979381443299,-1,False,,
560,795.9722222222222,716.1666666666666,180.0,48.826738717539826,-29.706580632895395,43.69989216022805,0.4985839750775072,0.9202674590419718,0.45112781954887216,0.2486174979971515,0.38626568102174336,0.1333333333333333,0.7563025210084033,1,True,,
561,259.984126984127,729.8994708994709,189.0,52.200412304819,-36.19340904043323,48.74514209157779,0.536632459880963,0.9041321374849924,0.5053475935828877,0.29783764686534014,0.4548716415015478,0.08465608465608465,0.7745901639344263,1,True,,
562,161.88135593220338,726.2090395480226,177.0,59.506819567593574,-35.89627319524886,57.288487373155945,0.45918729546397435,0.8880520662875303,0.48626373626373626,0.20586804178474988,0.4255038642950651,0.039548022598870025,0.7023809523809523,-1,False,,
563,565.9626865671642,756.0074626865671,134.0,42.723375164381274,-22.24967684588897,30.347644676602176,0.6659633687874906,0.8505617029413179,0.5877192982456141,0.21941363133156477,0.26648126281241874,0.08208955223880599,0.8271604938271605,1,True,,
564,1210.8285714285714,756.4761904761905,105.0,29.650706261733053,-13.650147541496674,18.17094034528512,0.923503987491275,0.5945710796830832,0.6730769230769231,0.2073445936044057,0.21174487272898357,0.00952380952380949,0.8898305084745762,1,True,,
565,1280.062015503876,758.0852713178294,129.0,48.23381076758334,-22.81645574284721,42.70416477564544,0.8921164334111217,0.7021733472481161,0.6615384615384615,0.14103508853288585,0.2987598265095275,0.015503875968992276,0.9084507042253521,-1,False,,
566,748.7952755905512,765.488188976378,127.0,26.82057470460957,-11.221465078524847,11.419998201706221,0.7528564812030841,0.7716503417642463,0.679144385026738,0.22909008471045908,0.16767809333235728,0.023622047244094446,0.8698630136986302,-1,False,,
567,1459.037037037037,770.0529100529101,189.0,14.355567552840041,-3.1229915773209314,-10.426958062329076,0.6122304041618062,0.923181898469323,0.63,0.15287019091623802,0.049164606795385084,0.05291005291005291,0.8362831858407079,-1,False,,
568,1486.014598540146,823.3430656934306,137.0,56.20239235250214,-38.21804760475251,53.23946173821643,0.47916009744807264,0.8702902142133973,0.45666666666666667,0.28464553836923445,0.46162234224977283,0.08759124087591241,0.6989795918367347,1,True,,
569,1340.353448275862,822.2413793103449,116.0,47.83922115667441,-19.96739885483778,38.54801416904526,0.8343269650927273,0.6427183897740483,0.6904761904761905,0.12215441381879921,0.2525368786320604,0.0431034482758621,0.8923076923076924,-1,False,,
570,506.54330708661416,870.2598425196851,127.0,37.48105472888295,-18.560035366808425,26.84492555208714,0.8013275664128414,0.8351055900938678,0.6225490196078431,0.2005834635200463,0.25540253000084573,0.11811023622047245,0.8943661971830986,1,True,,
571,1460.4807692307693,896.2179487179487,156.0,31.242365193351578,-9.591033017441902,-0.7207227951147227,0.5351030526959376,0.8989868081198069,0.52,0.18977509840176657,0.12045561964175878,0.35256410256410253,0.7609756097560976,-1,False,,
572,1289.8307692307692,900.723076923077,130.0,33.130715423618895,-24.93907892333375,31.07425674726079,0.7906308606562406,0.8123888286079897,0.5882352941176471,0.38179906056477475,0.46504283111829026,0.0692307692307692,0.8783783783783784,1,True,,
573,930.2884615384615,895.6602564102565,156.0,54.17030608769169,-39.956233418251934,51.9570106935826,0.5722993365537703,0.9266636276926147,0.5217391304347826,0.3319541117510734,0.49946758542687464,0.07692307692307687,0.8,1,True,,
574,48.88414634146341,912.2560975609756,164.0,18.14337919360215,-6.808361860152769,-6.11469945527885,0.7440970831870565,0.8549336643345206,0.6639676113360324,0.6956497916906346,0.10715402039506178,0.07926829268292679,0.8770053475935828,-1,False,,
575,752.0938775510205,924.2122448979592,245.0,46.473079417962566,-24.335687196260068,36.803173839067576,0.34908939259538646,0.6624485875586786,0.43209876543209874,0.24942824022502316,0.30034514519633077,0.18367346938775508,0.6186868686868687,-1,False,,
576,74.0,2.0555555555555554,72.0,34.02544839430343,-22.301814301716433,23.70565572669514,0.6230772848712206,0.9481638090860771,0.7058823529411765,0.40473964303318,0.36431527272280717,0.13888888888888884,0.8888888888888888,-1,False,,
577,538.104,14.792,125.0,26.22431939900699,-16.59838610230248,22.75084425469472,0.6805881743174528,0.7762431166272115,0.4699248120300752,0.36827677699923517,0.4346285984516144,0.08799999999999997,0.7911392405063291,-1,False,,
578,147.3257142857143,23.165714285714287,175.0,37.50506393701257,-25.40122731704929,30.85249820152,0.5624888939748764,0.9358492911012166,0.5833333333333334,0.3423736092022487,0.3750498998590878,0.04571428571428571,0.8793969849246231,1,True,,
579,1249.5384615384614,41.62307692307692,130.0,32.61362948461282,-19.937887975915192,24.21133217097743,0.3714212379262676,0.9527328449653892,0.2813852813852814,0.28813285128428384,0.31614846270531416,0.11538461538461542,0.6403940886699507,-1,False,,
580,1349.5657894736842,44.76315789473684,76.0,27.21675633392687,-14.747873446359996,3.2502191088896963,0.961232779487602,0.6504797550719955,0.6495726495726496,0.7085337930260912,0.19663794725937278,0.052631578947368474,0.8636363636363636,1,True,,
581,1015.7590361445783,51.33734939759036,83.0,54.41654205217743,-43.289212274385314,51.75525538809407,0.9130204695830558,0.49213700136051514,0.6287878787878788,0.3847130526261157,0.5215363312198456,0.0,0.8829787234042553,-1,False,,
582,347.44086021505376,78.36559139784946,93.0,22.69513690092873,-13.568973121080393,13.915846985672298,0.8285640306462181,0.8368340606241592,0.7380952380952381,0.36407045106734,0.2523765015385805,0.010752688172043001,0.9029126213592233,-1,False,,
583,326.2295081967213,90.6639344262295,122.0,43.060824753449,-34.645486626561286,38.37736301965042,0.7830111201742294,0.8108501561646334,0.5648148148148148,0.4410916863650572,0.4786117548336748,0.024590163934426257,0.8531468531468531,1,True,,
584,1080.6344086021506,103.86021505376344,93.0,50.88034302797393,-40.00805735451191,46.06944589182219,0.9556251489695977,0.7194411401288621,0.7045454545454546,0.4036264342646445,0.4886971026338557,0.010752688172043001,0.8942307692307693,-1,False,,
585,380.02884615384613,116.85096153846153,208.0,43.94311015295069,-27.37983641079658,34.62454238583106,0.47186644299667,0.8482049555340163,0.4297520661157025,0.3195990790756276,0.378940956810346,0.21634615384615385,0.7098976109215017,1,True,,
586,1141.8559322033898,116.38135593220339,118.0,49.840799339856595,-40.39038496786291,47.324064437884765,0.6749955275889038,0.68593908162262,0.6051282051282051,0.41604735689648126,0.5340440667281716,0.016949152542372836,0.8309859154929577,1,True,,
587,562.8190476190476,119.51428571428572,105.0,46.02247176178645,-36.866425880937975,44.04589875969724,0.7768307662591567,0.8236525687964603,0.5769230769230769,0.4206362673214504,0.5472091571206138,0.04761904761904767,0.860655737704918,1,True,,
588,191.6,119.26086956521739,115.0,37.64964177648303,-22.05914376108559,22.441624614450646,0.739271117795552,0.6705168236589818,0.5897435897435898,0.34070582687854767,0.26969083184781284,0.08695652173913049,0.8455882352941176,1,True,,
589,444.51875,171.66875,160.0,32.313133700096905,-21.253396874186254,19.92658837324877,0.40145506937459274,0.8624446683646555,0.4444444444444444,0.40400355458259585,0.3251279045944102,0.06874999999999998,0.6477732793522267,-1,False,,
590,1063.8267716535433,167.95275590551182,127.0,47.70968042427899,-27.760327486285174,38.23375492352214,0.5709446614258357,0.8826488078749777,0.5570175438596491,0.2534157274745581,0.3644869947058009,0.2992125984251969,0.7696969696969697,1,True,,
591,304.2067510548523,175.1223628691983,237.0,35.48650915242841,-22.347770151339024,26.938944362525763,0.4296742144429572,0.9584116374271672,0.512987012987013,0.31920687904589284,0.3394599445635759,0.10970464135021096,0.7596153846153846,1,True,,
592,507.43529411764706,175.69411764705882,85.0,33.002154298257125,-19.66044014587718,16.476967687271596,0.8068436236297188,0.7031824841142117,0.6439393939393939,0.4051320310901193,0.25640753016752355,0.08235294117647063,0.8762886597938144,1,True,,
593,870.8532818532818,179.2934362934363,259.0,34.829037544644216,-25.094003187381464,27.141250682431476,0.3770239378863924,0.8826273304290252,0.4111111111111111,0.41162494026325847,0.38449399834894304,0.05791505791505791,0.6658097686375322,1,True,,
594,281.68548387096774,181.91129032258064,124.0,32.728038337559184,-20.91036417269017,25.218852252046172,0.65244791237788,0.736472655396055,0.6458333333333334,0.3288083316217507,0.3364003966299577,0.07258064516129037,0.8211920529801324,1,True,,
595,269.27966101694915,213.5677966101695,118.0,46.87530333619681,-37.258802368618014,42.89966337991468,0.6820389168049145,0.6787412280300436,0.6051282051282051,0.41789011291023026,0.50437783790847,0.07627118644067798,0.8137931034482758,1,True,,
596,256.0,228.15350877192984,228.0,36.97149816245423,-25.046670944017578,25.549148231762295,0.3866404509944269,0.8947456592882898,0.49673202614379086,0.41209499884331435,0.3602614753732556,0.08771929824561409,0.6458923512747875,1,True,,
597,268.7674418604651,256.8217054263566,129.0,42.29114362655361,-27.524349488048102,36.3649416824038,0.45748079554412036,0.9227611498242465,0.37719298245614036,0.32597614218329274,0.41725667202195454,0.17829457364341084,0.6935483870967742,1,True,,
598,607.4966887417219,263.8476821192053,151.0,25.414933202788472,-13.392435145583551,16.964293857718356,0.6521489562488574,0.8795450023121599,0.5033333333333333,0.26863642056651466,0.2609945826035067,0.039735099337748325,0.8342541436464088,1,True,,
599,335.0105263157895,275.3315789473684,190.0,44.492741537849696,-32.87578492899766,39.146594674290675,0.594835700716279,0.8914708271924577,0.5846153846153846,0.3828735738992691,0.4640516078785846,0.10526315789473684,0.8050847457627118,1,True,,
600,120.43979057591623,302.67539267015707,191.0,40.023201519047575,-23.91076821690993,36.32396315073438,0.5383767526865483,0.9072260133778893,0.4823232323232323,0.2599394735709535,0.3900470656406193,0.16230366492146597,0.7670682730923695,1,True,,
601,1163.96,305.328,125.0,50.82387675059632,-40.16864562273297,48.30183914886211,0.7602219814002309,0.8405271125213016,0.5580357142857143,0.38826492440700533,0.5144817273616791,0.008000000000000007,0.8680555555555556,1,True,,
602,866.4545454545455,317.8545454545455,55.0,28.379549037397904,-19.0157196209245,20.705740016518813,0.9264270201529875,0.6661255013013693,0.6875,0.30222362171519884,0.3438973537900231,0.054545454545454564,0.873015873015873,1,True,,
603,1045.25,323.3203125,128.0,28.216865815679274,-14.893452669312452,17.289474040386406,0.5295615974923983,0.8305939422206307,0.48120300751879697,0.36896537915890804,0.2898105490312446,0.1484375,0.7441860465116279,1,True,,
604,277.3606557377049,332.87704918032784,122.0,48.87419255088961,-37.582350168672434,45.542322242032974,0.7341183726670379,0.8931775459612329,0.5083333333333333,0.37332448314447875,0.4822031181366717,0.016393442622950838,0.8840579710144928,1,True,,
605,481.3241379310345,345.3448275862069,145.0,43.62007156078484,-28.218954730534367,37.998962081018796,0.5251275727574709,0.7655930448561721,0.4769736842105263,0.29784750681498956,0.39143250872348917,0.13103448275862073,0.7360406091370558,1,True,,
606,1228.359375,347.1484375,128.0,24.563516612863364,-15.750718168892236,17.526638906896036,0.7587844849920848,0.7717406336057379,0.6274509803921569,0.45997333974810317,0.3924225970986299,0.1171875,0.8951048951048951,1,True,,
607,888.1428571428571,353.9714285714286,105.0,33.5177416596942,-22.272628805503775,26.048498045857723,0.7768307662591567,0.7068035712709239,0.5384615384615384,0.38080711371841885,0.32731392944142934,0.01904761904761909,0.84,1,True,,
608,844.3928571428571,360.89285714285717,84.0,45.9108585121492,-40.11091315979584,45.733972728950526,0.851291071744645,0.6335972546805106,0.6363636363636364,0.4551906587467307,0.5821325179366839,0.0,0.875,1,True,,
609,1100.0666666666666,365.8333333333333,90.0,49.05538062822964,-38.776997543911726,47.47420189212261,0.882492104414233,0.6508688334340644,0.6293706293706294,0.3719601760307948,0.5147449019882414,0.0,0.8737864077669902,1,True,,
610,165.71212121212122,410.77272727272725,66.0,34.52998318708974,-21.399944101408014,31.162711423485977,0.9255383907205015,0.5710811086603952,0.6666666666666666,0.24046030155185497,0.38140359249981964,0.06060606060606055,0.88,1,True,,
611,1225.5931034482758,462.1448275862069,145.0,33.43932726040899,-18.13323175704128,21.493142317771976,0.45395356107294976,0.9348091300170902,0.48494983277591974,0.3093473096859866,0.2594627503947965,0.10344827586206895,0.6971153846153846,1,True,,
612,997.7559055118111,568.8346456692914,127.0,52.61506007548753,-37.65434205971214,49.77281732068771,0.7264782373202612,0.7332035376018888,0.6105769230769231,0.3291004641553548,0.49286731796001826,0.11811023622047245,0.8466666666666667,1,True,,
613,765.4966887417219,650.9933774834437,151.0,51.33260944582102,-30.545421201299888,44.27211436826733,0.6580558408224653,0.7840152918016109,0.5551470588235294,0.24100664265404473,0.3661732179242254,0.20529801324503316,0.8206521739130435,1,True,,
614,1479.6381578947369,657.6776315789474,152.0,43.52703996931988,-30.26913651477513,38.09403578784537,0.5536993547450316,0.8878601971390742,0.48717948717948717,0.3258254568239576,0.40667972868112356,0.05921052631578949,0.7638190954773869,1,True,,
615,280.1240310077519,658.984496124031,129.0,40.46287894483875,-26.17941702953117,37.98819232605021,0.6411139893551216,0.9169056528620524,0.4777777777777778,0.25710360310220903,0.4076043957656668,0.06976744186046513,0.8486842105263158,1,True,,
616,698.6108597285067,681.3257918552036,221.0,38.27657159035764,-22.566189885397726,28.26644833159553,0.41463342728158525,0.7080426347858095,0.533816425120773,0.37706264236528947,0.3265700148549184,0.14932126696832582,0.6676737160120846,1,True,,
617,201.97391304347826,766.2608695652174,115.0,48.24344578688408,-35.424718906757235,46.97441716741378,0.8408841743956874,0.7822235575588422,0.6388888888888888,0.3385158499945765,0.4873061224170353,0.017391304347826098,0.8984375,1,True,,
618,223.7904761904762,786.7428571428571,105.0,34.560994562894855,-22.798374432519996,28.769318179026744,0.8229541779735473,0.8161457386193357,0.5769230769230769,0.32515893890744163,0.35039775499275755,0.00952380952380949,0.8974358974358975,1,True,,
619,1283.6,799.9380952380952,210.0,50.47037015257241,-35.55138069263668,42.79687914199713,0.5233151472477985,0.9416091141053107,0.4150197628458498,0.34723049721547533,0.4196590319275856,0.06666666666666665,0.8045977011494253,1,True,,
620,1456.4214285714286,855.8428571428572,140.0,30.33428692392467,-14.581272405405416,18.216169343233027,0.6376379561899005,0.9243739224513227,0.45751633986928103,0.3205248312758548,0.22227831385431013,0.050000000000000044,0.8588957055214724,1,True,,
621,894.6148648648649,877.8581081081081,148.0,28.871572894626667,-14.556837725289569,12.441119316078753,0.6958505096312826,0.8304879656309893,0.556390977443609,0.3501473437692668,0.19292816453978318,0.04054054054054057,0.8457142857142858,1,True,,
622,1433.1412429378531,881.728813559322,177.0,44.56187520637777,-29.82438151871461,35.73284837581935,0.4784330336278788,0.9334545702660378,0.49166666666666664,0.33614964690585597,0.3910234305313078,0.10734463276836159,0.7051792828685259,1,True,,
623,508.2291666666667,885.1145833333334,96.0,38.640840581654096,-17.110703100911525,25.15617832915532,0.8826102659314885,0.7328363874325965,0.6713286713286714,0.1821106884162873,0.22300543395491937,0.10416666666666663,0.897196261682243,1,True,,
624,446.75824175824175,891.1648351648352,91.0,25.164559676370082,-10.461347429629928,10.107215545114945,0.8922975722410578,0.7127053773859744,0.6363636363636364,0.2557592667066134,0.16329779917026285,0.01098901098901095,0.883495145631068,1,True,,
625,756.0297029702971,892.9207920792079,101.0,24.695746045647038,-8.594630493133344,4.435479309572978,0.8254040449914843,0.7496876586683845,0.5976331360946746,0.3465552151498228,0.11750177862030445,0.01980198019801982,0.8706896551724138,1,True,,
626,1106.2941176470588,900.0,119.0,26.082926058613126,-10.08334391971108,2.9374225538358054,0.7427515549758226,0.8316848388937708,0.5288888888888889,0.45291220352930184,0.1292430172447397,0.050420168067226934,0.8439716312056738,-1,False,,
627,838.0849056603773,940.3962264150944,106.0,44.835148967509944,-35.50419672429673,43.15158547832206,0.8409528181063456,0.5683765881089925,0.6272189349112426,0.409274696038579,0.5327675522498365,0.018867924528301883,0.8688524590163934,1,True,,
628,748.1650485436893,943.242718446602,103.0,38.08516234594632,-21.393862439424826,26.34546678354007,0.7620339897589823,0.6722430914541592,0.6130952380952381,0.29158150701268204,0.28361145363560003,0.1456310679611651,0.8512396694214877,1,True,,
629,1299.1020408163265,954.030612244898,98.0,49.356514250000394,-38.25896722966007,47.72881639971083,0.825362254318116,0.47481457462056104,0.6282051282051282,0.35157398757885916,0.5050055208254833,0.010204081632653073,0.8672566371681416,1,True,,
630,1491.219512195122,958.7439024390244,82.0,34.85208854922177,-28.329856610508063,31.982970483989252,0.7963963333638477,0.6436634140365848,0.5734265734265734,0.4087134187177914,0.45954402517981646,0.024390243902439046,0.8367346938775511,1,True,,
631,1420.3157894736842,10.894736842105264,95.0,36.223733735529756,-22.311083207558944,25.437474127700156,0.7615898589217945,0.7197020291101468,0.6168831168831169,0.30193405527817574,0.31082067615107484,0.052631578947368474,0.8558558558558559,1,True,,
632,827.0714285714286,70.34126984126983,126.0,30.819418821852786,-19.650381439817227,24.40431454904767,0.6168782315596181,0.8744622790455103,0.6631578947368421,0.2697833965528786,0.33237158855985083,0.07936507936507942,0.8689655172413793,1,True,,
633,364.1860465116279,131.43023255813952,86.0,17.665602437395194,-9.94884867772411,2.8982211998362244,0.8924318058734868,0.7305542680248661,0.6515151515151515,0.2291071364699408,0.18131760271742595,0.011627906976744207,0.8865979381443299,-1,False,,
634,1168.1634615384614,176.40384615384616,104.0,43.69568369635788,-36.177829254189014,42.03779477037395,0.815116519135704,0.8509156968454397,0.5714285714285714,0.4297298968124848,0.5360755616655717,0.019230769230769273,0.8888888888888888,1,True,,
635,131.40689655172415,181.71724137931034,145.0,31.908780314917788,-17.085087168181932,14.244434313158349,0.40369109976705714,0.8723831841703072,0.39402173913043476,0.42731701202433686,0.22886870138604065,0.18620689655172418,0.625,1,True,,
636,823.9105263157895,206.57894736842104,190.0,33.11041591551791,-22.35973451278716,22.78695978769802,0.431031846968112,0.9478090923076962,0.376984126984127,0.4348861669239245,0.3602516533904954,0.1105263157894737,0.7011070110701108,1,True,,
637,804.5333333333333,232.86666666666667,60.0,18.36681416153878,-11.081936428483235,3.960472326667926,0.8630968604407523,0.41047788680485703,0.6666666666666666,0.3420895119508108,0.25596780770768723,0.0,0.8695652173913043,-1,False,,
638,755.3703703703703,246.53086419753086,81.0,50.51001073817887,-39.513620884322556,46.29866370792093,0.8783632855335669,0.37684144804654296,0.6136363636363636,0.40853349606931944,0.5063224254566946,0.03703703703703709,0.8709677419354839,1,True,,
639,1414.8556701030927,315.45360824742266,97.0,16.326891296985213,-9.13959806827505,5.115458926262698,0.7927147758829106,0.7449578588371207,0.6217948717948718,0.5242056731403488,0.193825389330573,0.0,0.8660714285714286,-1,False,,
640,704.3740458015267,319.8320610687023,131.0,55.98465134058669,-35.18090853144238,48.58253830973624,0.5467771111865014,0.873737444679718,0.48161764705882354,0.2741635709090997,0.4052784715899984,0.29007633587786263,0.7318435754189944,1,True,,
641,500.93798449612405,337.3410852713178,129.0,47.4271316932863,-30.34907665797024,38.56401950712541,0.5501125470303267,0.8276633678044044,0.4387755102040816,0.303101683309836,0.3811465564162232,0.10852713178294571,0.7371428571428571,1,True,,
642,21.553846153846155,343.51794871794874,195.0,45.867291828265195,-32.038372179393214,41.614664151148354,0.4354925672441312,0.8651499709205698,0.3869047619047619,0.3231879296211096,0.4439445646145405,0.11282051282051286,0.703971119133574,1,True,,
643,275.5,397.625,96.0,48.19457856190055,-36.42665485576709,46.27476984291446,0.8336098733656229,0.7855512062403854,0.6233766233766234,0.3481133170425892,0.49413479554156464,0.01041666666666663,0.8807339449541285,1,True,,
644,709.8454545454546,439.76363636363635,110.0,49.967878945727755,-39.365230465386546,48.696840900378305,0.7449177665945136,0.8437976588473877,0.5092592592592593,0.38959639356894926,0.5336831867694855,0.027272727272727226,0.8461538461538461,1,True,,
645,671.1983805668016,452.19838056680163,247.0,44.93154692434609,-28.444808349694732,37.13283243363243,0.32330134773380637,0.8245095500203425,0.31545338441890164,0.29071137484027304,0.37905494422323793,0.14574898785425106,0.6068796068796068,-1,False,,
646,1280.641304347826,556.5217391304348,92.0,46.40500999015979,-32.111544598729644,47.233617714083174,0.8617575671002062,0.8167458794856828,0.5897435897435898,0.2636058798626713,0.4692459712209909,0.010869565217391353,0.9019607843137255,1,True,,
647,1098.2016806722688,694.2689075630252,119.0,38.61771387283344,-22.99915440152139,32.186043434360215,0.416204756177523,0.9521665139251833,0.3979933110367893,0.2510042885521881,0.33232569350164476,0.09243697478991597,0.6329787234042553,1,True,,
648,505.0816326530612,765.234693877551,98.0,43.92775183810441,-26.182554219836494,35.49516366956897,0.8402241703739738,0.7638073480577836,0.5798816568047337,0.2618513482869888,0.32640039008490895,0.010204081632653073,0.8990825688073395,1,True,,
649,279.1015625,778.109375,128.0,56.16865433777015,-41.63739366946811,55.11027062210708,0.6018166569784066,0.828820777438782,0.579185520361991,0.3249460676452145,0.5209228524472564,0.0703125,0.7901234567901234,-1,False,,
650,1249.9739130434782,878.0608695652174,115.0,47.135760588126516,-36.529698853060886,47.12659917740713,0.7652640705191905,0.8592121017158968,0.5528846153846154,0.3558794580076052,0.5295059123764867,0.017391304347826098,0.8712121212121212,1,True,,
651,908.8539325842696,924.0674157303371,89.0,42.787473426789994,-28.73039264575477,34.09008529397224,0.8609759282203137,0.7279212278740852,0.6180555555555556,0.3178698140918539,0.36333666775333745,0.011235955056179803,0.8811881188118812,1,True,,
652,685.375,15.9,80.0,40.411439093158386,-27.483203252854842,30.1971371554993,0.9247985312609008,0.5919821152808994,0.6666666666666666,0.34614517632871866,0.3469732725992799,0.025000000000000022,0.8888888888888888,1,True,,
653,430.8205128205128,19.32051282051282,78.0,26.17824744085464,-16.78214782406383,19.43437829111704,0.7904845666200274,0.6938953531281838,0.65,0.3700759215041613,0.33454098227696544,0.08974358974358976,0.8764044943820225,1,True,,
654,484.2962962962963,35.27160493827161,81.0,32.367276356423595,-24.499104492484445,28.540910483218425,0.7587213362512686,0.8417772653672815,0.5785714285714286,0.38821334805753493,0.43893942218503834,0.012345679012345734,0.8350515463917526,1,True,,
655,216.71830985915494,47.478873239436616,71.0,34.29296709263479,-18.945344131774622,17.398368158604825,0.9301864722370841,0.6481014782810529,0.6454545454545455,0.4044406296501697,0.25485605882926726,0.11267605633802813,0.8875,1,True,,
656,1292.9080459770114,74.816091954023,87.0,29.17432358258669,-16.33821949262816,18.40517596134942,0.853075700933759,0.6146043108267029,0.6590909090909091,0.3372633059177248,0.2514469338388279,0.05747126436781613,0.8877551020408163,1,True,,
657,1197.2333333333333,76.06666666666666,30.0,32.95864919025456,-20.724932597210884,22.26376392332257,0.8689967827003791,0.908955660906847,0.8333333333333334,0.34453897923231125,0.3640782944858074,0.1333333333333333,0.9090909090909091,-1,False,,
658,11.520710059171599,105.16568047337279,169.0,44.59981307942448,-31.9780526510135,38.77322480168192,0.625163807132369,0.9171902273843096,0.6679841897233202,0.3694181745574319,0.4337640983994896,0.08875739644970415,0.8535353535353535,1,True,,
659,1352.3292682926829,104.47560975609755,82.0,52.33430463474,-42.482733248569616,51.09735161094274,0.9151121181029239,0.7188922736736423,0.6833333333333333,0.3891385586523428,0.5468958834322487,0.012195121951219523,0.8817204301075269,-1,False,,
660,1281.7938144329896,106.48453608247422,97.0,48.211792993043,-39.67219438511112,46.01899525332008,0.8273010397200262,0.7856244727266597,0.6928571428571428,0.42345897699754265,0.5400225348079327,0.0,0.8660714285714286,1,True,,
661,1056.9516129032259,108.25806451612904,62.0,37.765628579556136,-24.249060815360867,27.703350107494266,0.8918667557887776,0.6285458662120035,0.6888888888888889,0.30727409499306835,0.318234218705085,0.0,0.8857142857142857,1,True,,
662,1217.6923076923076,117.33076923076923,130.0,48.42480044549552,-35.03934413235837,42.81160368406877,0.5586314649185631,0.9335304951594829,0.5158730158730159,0.3571494520856784,0.46094069125560616,0.10769230769230764,0.8176100628930818,1,True,,
663,1466.0235294117647,114.07058823529412,85.0,57.298221580239485,-43.23713022518656,54.44163823398044,0.7814778396268388,0.682170167647715,0.6439393939393939,0.34571698991691363,0.505311326419606,0.07058823529411762,0.8673469387755102,1,True,,
664,74.24418604651163,130.45348837209303,86.0,35.142503251658475,-20.318674456230994,17.815107106922852,0.8548186524734956,0.714094937956177,0.6515151515151515,0.3851313010551209,0.2556896505140981,0.16279069767441856,0.8865979381443299,1,True,,
665,1356.0555555555557,130.66666666666666,72.0,42.981223635172384,-25.1432362836936,30.903376393178632,0.8323186781348111,0.6542144910265584,0.5538461538461539,0.29139017851816285,0.3442001427627272,0.13888888888888884,0.8372093023255814,-1,False,,
666,1477.5,129.86111111111111,72.0,28.088599565334707,-14.808383195156283,13.758860535565862,0.8323186781348108,0.4908841861975117,0.6545454545454545,0.3511637422359652,0.25053184505345094,0.16666666666666663,0.8470588235294118,-1,False,,
667,758.4421052631579,132.45263157894738,95.0,38.85694325143148,-32.78012620537551,38.37849394314805,0.8000960628593983,0.8616958150041983,0.5654761904761905,0.4600471738137697,0.5841752135439923,0.0736842105263158,0.8962264150943396,1,True,,
668,1022.047619047619,151.8095238095238,84.0,39.19607137763322,-24.578787071809877,24.23523994386805,0.8236592974532846,0.3925365339506596,0.5833333333333334,0.3780049071425483,0.31406117212914286,0.11904761904761907,0.865979381443299,-1,False,,
669,261.90551181102364,153.06299212598427,127.0,45.401909286166386,-35.67212239679107,42.60685637286996,0.691477585106532,0.8672190936337164,0.679144385026738,0.39503092829167374,0.5059896423591403,0.055118110236220486,0.8193548387096774,1,True,,
670,1497.4878048780488,157.3170731707317,41.0,18.765983874297447,-10.514906384964291,5.255928645015773,0.8333992165187475,0.9013387204859158,0.7454545454545455,0.2396670721653031,0.17740331313050375,0.0,0.9111111111111111,-1,False,,
671,1259.861111111111,163.23611111111111,72.0,40.397815097365545,-28.551531183452994,32.00137275163465,0.9432876901559162,0.5893751119454211,0.6545454545454545,0.365459946087665,0.40651342065797913,0.04166666666666663,0.8888888888888888,1,True,,
672,1084.7543859649122,196.47368421052633,57.0,33.92900689448224,-20.016862870223484,20.768566831898053,0.9044209553219192,0.6501307199612787,0.6333333333333333,0.31139701029710604,0.27080214572580236,0.052631578947368474,0.8769230769230769,1,True,,
673,1320.423076923077,192.25480769230768,208.0,34.19114624679544,-14.814360576093783,23.1775512978064,0.4982867269606694,0.6482116413826046,0.5473684210526316,0.15621409669984132,0.22517025301483676,0.17307692307692313,0.7428571428571429,-1,False,,
674,458.81,212.75,100.0,42.356580279277004,-35.47290324567493,41.894325070120885,0.793351715194666,0.8125031769985938,0.6666666666666666,0.4186162704229355,0.5471584603190423,0.010000000000000009,0.8695652173913043,1,True,,
675,658.2409638554217,230.56626506024097,166.0,31.149775762857924,-21.105040565827256,20.852835674398644,0.5473547024015989,0.9262057344426222,0.4368421052631579,0.42124449506581546,0.35092129845576114,0.054216867469879526,0.7867298578199052,1,True,,
676,1288.6,234.87058823529412,85.0,49.38119685223936,-38.411050259412384,45.1365156864644,0.764256633404662,0.7776166741456647,0.6071428571428571,0.40130330762442423,0.5089266948840198,0.08235294117647063,0.8333333333333334,1,True,,
677,530.36,238.42666666666668,75.0,28.422429482081,-19.039017333960373,18.456190787542226,0.8986474041951636,0.7316193637517022,0.625,0.37080189896126586,0.3033436050762733,0.040000000000000036,0.8823529411764706,1,True,,
678,1097.1010101010102,247.3030303030303,99.0,53.399902064019024,-41.656787350448845,50.29713723437579,0.8191655961210537,0.7737419047215978,0.7857142857142857,0.37374161710642806,0.5011672964601805,0.010101010101010055,0.9,-1,False,,
679,493.2105263157895,300.2526315789474,95.0,44.74974043907763,-22.39183498712002,40.27175084090617,0.8000960628593983,0.8269052725558261,0.6089743589743589,0.15150341505282802,0.3150173796634925,0.03157894736842104,0.8878504672897196,1,True,,
680,774.9122807017544,346.35087719298247,57.0,31.25031843594641,-23.61027979797584,27.16494315273941,0.8657701096270435,0.6366316369465992,0.5757575757575758,0.38936066549075277,0.40068240568303226,0.0,0.8382352941176471,1,True,,
681,1068.5744680851064,355.90425531914894,94.0,37.61223732148202,-23.50757836872708,28.137130884310437,0.8002321274501002,0.2880782679007105,0.5595238095238095,0.3274778782370243,0.33340236560461367,0.07446808510638303,0.8468468468468469,-1,False,,
682,309.92857142857144,359.265306122449,196.0,35.31008988572733,-24.665859821267016,32.01633584492694,0.5049516059664165,0.9463618666492752,0.38735177865612647,0.33686921798757147,0.4117249835886023,0.030612244897959218,0.7808764940239044,1,True,,
683,552.8556701030927,363.7113402061856,97.0,22.920340272463466,-14.840828612978438,22.355108790674915,0.6708162328750295,0.860762246574444,0.532967032967033,0.29325905737956776,0.42208135170266803,0.04123711340206182,0.8151260504201681,1,True,,
684,273.7846153846154,364.03846153846155,130.0,32.82144223539572,-20.806529890071165,25.11079825609843,0.4146246803481901,0.9436246261457171,0.38235294117647056,0.30918738519629607,0.3364443701047164,0.07692307692307687,0.6735751295336787,1,True,,
685,1125.6296296296296,369.44444444444446,54.0,18.13312888300881,-8.355914911435551,6.5547300879281645,0.8568198524102391,0.6011556257084105,0.6666666666666666,0.38284909490633895,0.18175285825229906,0.05555555555555558,0.8571428571428571,-1,False,,
686,372.69642857142856,372.0952380952381,168.0,28.974569479963346,-18.876080044235326,26.75909637182021,0.5992383029145899,0.9114798915289434,0.46537396121883656,0.3434043360563616,0.3799451744194985,0.04761904761904767,0.8155339805825242,1,True,,
687,650.5625,398.07142857142856,112.0,37.89518323028282,-28.29821555141122,34.054736724859914,0.6811588953346069,0.8328433379838136,0.5743589743589743,0.37837265777800766,0.46627647137003286,0.0982142857142857,0.8235294117647058,1,True,,
688,1242.0,404.0,25.0,32.34820593635145,-15.28387518195718,10.618568641975887,0.8861796834442799,0.9463070608158162,0.9259259259259259,0.40948785543441774,0.20697001367807388,0.24,1.0,-1,False,,
689,975.3269230769231,440.0673076923077,104.0,50.53547578689,-40.37158408190042,48.13066073053353,0.8250857838024523,0.8308158444990902,0.6303030303030303,0.3943434761693844,0.5240342511007419,0.019230769230769273,0.8888888888888888,1,True,,
690,860.7941176470588,439.01960784313724,102.0,37.64208338677856,-26.65923508245961,32.565540021603994,0.7546356015088951,0.847904717308791,0.6181818181818182,0.3795318455964911,0.4202403797238481,0.039215686274509776,0.864406779661017,1,True,,
691,743.4886363636364,447.01704545454544,176.0,42.579084309009026,-29.999858015035805,37.62705850356089,0.6557098732222651,0.7990605491293965,0.5986394557823129,0.3414514208720489,0.4369941482489759,0.09659090909090906,0.8585365853658536,1,True,,
692,1458.345238095238,454.75,84.0,35.555183567379906,-23.48494727793282,28.425233952176352,0.8049247127826198,0.7317541867454845,0.5384615384615384,0.3065255293179126,0.3466154977324463,0.0357142857142857,0.84,1,True,,
693,558.1951219512196,466.1585365853659,82.0,47.32033325260842,-32.25354869913979,42.52938249970946,0.8715479979735036,0.7518263038687514,0.6212121212121212,0.29157961232633123,0.4046185438225909,0.012195121951219523,0.8631578947368421,1,True,,
694,737.7,467.65833333333336,120.0,37.36668479418633,-24.851920266104777,25.81644938431455,0.6004758328935935,0.9069203643201422,0.4411764705882353,0.3579381472741564,0.3184964992105961,0.025000000000000022,0.8163265306122449,1,True,,
695,309.5882352941176,473.09411764705885,85.0,42.55880212786006,-25.74741525352902,31.38485809477727,0.8334647652801094,0.7740947718575507,0.6071428571428571,0.29590515266446504,0.3299946481690687,0.14117647058823535,0.8585858585858586,1,True,,
696,1422.576923076923,550.3846153846154,52.0,43.25600180155388,-28.602507417207974,41.44266369678874,0.8758946372355518,0.8204296398470888,0.6190476190476191,0.2577635943889618,0.41857020728863203,0.07692307692307687,0.8387096774193549,1,True,,
697,1375.9107142857142,557.1071428571429,56.0,41.350193556847266,-25.489900988543322,33.09776514710355,0.9850709199906935,0.4759233278452438,0.691358024691358,0.2731488115553345,0.33574535325169563,0.017857142857142905,0.8888888888888888,-1,False,,
698,1092.0128205128206,558.3205128205128,78.0,48.87364400127686,-32.41734082410067,45.49644177136686,0.8704725025857082,0.7983835124820325,0.6666666666666666,0.26325400192768145,0.4112107684979072,0.02564102564102566,0.896551724137931,1,True,,
699,780.2952380952381,651.3904761904762,105.0,50.893358767858814,-37.61389364895913,48.496094949829335,0.7552097528856585,0.8156719870051573,0.7,0.32517743082273576,0.47239682163511004,0.01904761904761909,0.860655737704918,1,True,,
700,1004.5537190082645,654.9834710743802,121.0,48.43492070649999,-35.36363405364728,46.01392329366027,0.6216701237920501,0.924697057122521,0.4745098039215686,0.32210342081125115,0.4621222275347749,0.024793388429752095,0.8066666666666666,1,True,,
701,774.8865979381443,696.639175257732,97.0,26.88543353738789,-14.086386554430105,16.21285216616851,0.8531417789205109,0.7808491302139503,0.6298701298701299,0.2718887743876152,0.2365928558613529,0.030927835051546393,0.8818181818181818,1,True,,
702,350.8666666666667,717.3555555555556,135.0,59.682865002559915,-35.001296801441214,55.05486511305462,0.5705869403123902,0.91206402775498,0.4411764705882353,0.21434054021482116,0.38933139940102895,0.18518518518518523,0.7803468208092486,1,True,,
703,1249.4318181818182,734.0,88.0,49.85738551048546,-38.53310335093158,49.353798724913894,0.8513020413863774,0.6099284138150679,0.676923076923077,0.36788210594518617,0.5303388126194477,0.011363636363636354,0.88,1,True,,
704,436.69026548672565,773.2831858407079,113.0,36.460971329139966,-20.3783786022907,28.797713222284838,0.7320850335479798,0.8471887628480164,0.6042780748663101,0.22824623323647322,0.29174001216558754,0.04424778761061943,0.8432835820895522,1,True,,
705,1050.6442307692307,832.8173076923077,104.0,16.6931962762549,-6.230117662279098,-3.9600874984357954,0.7192256517422998,0.7939798155459219,0.6303030303030303,0.5041445697156283,0.10110093638874017,0.009615384615384581,0.8387096774193549,-1,False,,
706,93.92045454545455,852.9545454545455,88.0,60.03914822263561,-37.800361999807244,59.47069447143406,0.8090594104371978,0.8093803789571175,0.6984126984126984,0.21962686678902668,0.4557725228369236,0.0,0.8627450980392157,-1,False,,
707,113.71337579617834,865.140127388535,157.0,51.71153976849745,-27.533722437717557,43.770723161072006,0.47891575265104747,0.9077772859158835,0.47575757575757577,0.1973197925717208,0.3229387334672509,0.15923566878980888,0.7008928571428571,1,True,,
708,1218.2072072072071,886.6396396396397,111.0,34.093589821345695,-17.11507649182241,24.956586395208806,0.7589701699786134,0.8225128888138789,0.6306818181818182,0.19398353114589914,0.2531929171165904,0.027027027027026973,0.8671875,1,True,,
709,1166.5390070921985,958.3262411347517,141.0,47.453632844093974,-36.00189679174761,47.1136626073889,0.6089602836495951,0.9370318856563021,0.43653250773993807,0.34727815670747286,0.5126180910895056,0.021276595744680882,0.834319526627219,1,True,,
710,521.6153846153846,9.153846153846153,65.0,28.32864172450163,-17.215562671462227,20.46803860132835,0.7513988066494822,0.7698442563508782,0.5555555555555556,0.3046007651549119,0.2958657254966406,0.07692307692307687,0.8227848101265823,1,True,,
711,1120.012658227848,13.405063291139241,79.0,41.41842913692235,-28.95412413032728,36.56095262443961,0.8330572866659192,0.6529432738499822,0.7181818181818181,0.3213302209690402,0.4093393695693982,0.11392405063291144,0.8494623655913979,2,False,,
712,115.5223880597015,27.582089552238806,67.0,18.394657696244266,-7.319246242104602,5.307188813903736,0.8896402463324189,0.6486305326137206,0.67,0.30854842458754334,0.12737469220144756,0.02985074626865669,0.881578947368421,-1,False,,
713,32.91379310344828,47.60344827586207,58.0,49.099176524619956,-28.412900335323943,36.65160046555865,0.7824301853371021,0.7466395384328882,0.6590909090909091,0.27447553056067436,0.33781398447423144,0.2068965517241379,0.8405797101449275,-1,False,,
714,409.5126050420168,60.21008403361345,119.0,28.885676832599476,-20.751982988200663,25.61998399113947,0.5963172409047051,0.936424190995595,0.4375,0.30398004214052393,0.38576853694785546,0.04201680672268904,0.8380281690140845,1,True,,
715,1029.0759493670887,66.36708860759494,79.0,16.79392108164453,-6.3710726161122055,6.347949884359507,0.8117675996623466,0.6301219120917951,0.6583333333333333,0.2504495111164413,0.1771962971933469,0.08860759493670889,0.8494623655913979,-1,False,,
716,1360.575,79.9625,80.0,31.534449168490408,-18.54359348828015,17.96284953963994,0.7259483738410307,0.6612466833146431,0.6666666666666666,0.3701650708098896,0.2859256881754845,0.125,0.8247422680412371,1,True,,
717,916.3636363636364,87.10909090909091,55.0,13.613818939710239,-6.032799577283314,2.734561787536041,0.9101839956900594,0.34387298952055184,0.6790123456790124,0.4652744561433792,0.20375158586116,0.018181818181818188,0.873015873015873,-1,False,,
718,394.4625,91.3,80.0,43.586926585910945,-34.845023147476766,41.597032989784445,0.8502907297302474,0.6079815745467511,0.6666666666666666,0.39072911646217107,0.5000594828277827,0.012499999999999956,0.851063829787234,1,True,,
719,328.6621621621622,118.91891891891892,74.0,38.79769227225909,-22.584458313589963,22.37578752586282,0.7865189250004789,0.8244876283774472,0.5174825174825175,0.3774649221953508,0.2777188665963508,0.1351351351351351,0.8314606741573034,1,True,,
720,394.8125,122.78125,64.0,32.98339327134653,-21.935929789929922,25.43341979949814,0.8711195311713982,0.7317752456180444,0.5925925925925926,0.3356939821969718,0.35080900345928967,0.0625,0.8648648648648649,1,True,,
721,1497.7894736842106,135.42105263157896,38.0,31.80898462140509,-14.747296515684424,22.143307550792986,0.7988122292346365,0.940689457394116,0.7916666666666666,0.1701634549535811,0.21879651691568525,0.10526315789473684,0.926829268292683,-1,False,,
722,342.1475409836066,133.60655737704917,122.0,36.41813187870262,-25.906984841553495,31.864417347821224,0.5202614785868206,0.9502461963038378,0.39869281045751637,0.35204132060047055,0.4257032230007844,0.05737704918032782,0.7721518987341772,1,True,,
723,1016.046511627907,175.48837209302326,86.0,48.15326176697306,-39.34712669669614,46.59863960522744,0.8432702331069337,0.773742141843358,0.6825396825396826,0.4139206295096597,0.5465701385292896,0.011627906976744207,0.86,1,True,,
724,261.5806451612903,177.91935483870967,62.0,31.822591474646,-19.70166680592478,15.132682285361978,0.7823985687810421,0.6002042158160639,0.62,0.46542328355773804,0.29796121005089055,0.20967741935483875,0.8157894736842105,1,True,,
725,1384.8367346938776,182.6122448979592,98.0,22.687444333102928,-14.896533551022781,18.33825156561569,0.7250420485085463,0.8845526663162087,0.6805555555555556,0.2812024600309681,0.32669948999370846,0.05102040816326525,0.8305084745762712,1,True,,
726,1020.8170731707318,210.73170731707316,82.0,37.79741344705721,-30.095488806111117,34.728391815209086,0.8425942173710428,0.8157850820956218,0.6212121212121212,0.3983793244129274,0.47291875939543654,0.012195121951219523,0.8723404255319149,1,True,,
727,421.3269230769231,210.26923076923077,104.0,48.793449956347516,-29.24879197909066,38.84349196832171,0.4864127805541187,0.8903727934866464,0.37142857142857144,0.26428755179334146,0.3407675919051354,0.21153846153846156,0.6624203821656051,1,True,,
728,295.4404761904762,219.02380952380952,84.0,38.0827428829139,-25.65862514676644,30.18398122713401,0.7074533608440995,0.787364086457265,0.6461538461538462,0.3388718129800899,0.36660959678036825,0.011904761904761862,0.8316831683168316,1,True,,
729,1397.8076923076924,257.5576923076923,52.0,32.32635861551255,-22.265684485240456,24.867284229508325,0.9741607280263203,0.4507379115977958,0.7222222222222222,0.41681088822392315,0.39859999315096784,0.05769230769230771,0.8813559322033898,-1,False,,
730,272.65934065934067,272.8241758241758,91.0,48.84807723748865,-36.792979697905324,46.62105041201537,0.7436808722200502,0.8772202234430844,0.6066666666666667,0.3466043321640937,0.49328291907415284,0.07692307692307687,0.8584905660377359,1,True,,
731,1416.4772727272727,285.0,44.0,36.08806294240864,-19.36027625948051,20.126195882959045,0.9570948805798509,0.6113952218225325,0.8148148148148148,0.2970544316551902,0.2483082738789645,0.09090909090909094,0.9166666666666666,-1,False,,
732,1137.6132075471698,311.1320754716981,106.0,38.40349718656705,-25.06192681588935,27.500487713201732,0.6283684016340705,0.9087269032915389,0.5888888888888889,0.3754761126243843,0.3347803184165145,0.06603773584905659,0.8217054263565892,1,True,,
733,247.48611111111111,319.0138888888889,72.0,43.925127888606525,-21.399756495334984,39.980076916642034,0.7652616567572227,0.18316427978447447,0.5950413223140496,0.19404492157304454,0.35305079486634994,0.2222222222222222,0.8181818181818182,-1,False,,
734,887.887323943662,337.76056338028167,71.0,27.421343557565034,-20.82387606177796,20.771374449529908,0.7923531754305806,0.7376374888513753,0.6068376068376068,0.452487384559403,0.39694116463963414,0.05633802816901412,0.8658536585365854,1,True,,
735,838.375,337.80357142857144,56.0,47.80130261413672,-33.68078600694899,43.75642130104381,0.9432711477921326,0.4642242747001196,0.7777777777777778,0.30657826976052355,0.4267567938991955,0.017857142857142905,0.9032258064516129,-1,False,,
736,5.3625,355.275,80.0,32.50825706544991,-21.210161935502885,29.256214004493977,0.7951801418358099,0.6961558070082214,0.6666666666666666,0.27120324559509756,0.38192727118730546,0.050000000000000044,0.851063829787234,1,True,,
737,145.68639053254438,359.8284023668639,169.0,45.09112681962709,-26.46244756336984,38.27009307500484,0.3920710558755868,0.9659267963123492,0.4543010752688172,0.2316706890361549,0.3445090451360454,0.11834319526627224,0.6869918699186992,1,True,,
738,577.4146341463414,372.2439024390244,82.0,51.51930005847322,-39.30810187450415,48.144653827015674,0.7440970831870564,0.7102691444546211,0.5734265734265734,0.37052962002230855,0.5041892679362763,0.08536585365853655,0.8118811881188119,1,True,,
739,339.488,373.752,125.0,44.945959012220776,-26.920333839426092,39.16845351731835,0.40003518535195165,0.9519566362972721,0.3132832080200501,0.2357930853366852,0.36133500587940215,0.08799999999999997,0.5924170616113744,-1,False,,
740,1206.888888888889,378.94444444444446,72.0,44.79277158713498,-30.434900380253584,38.49485368671042,0.7652616567572227,0.6536537415674296,0.6,0.31940510910418296,0.40359431360330844,0.09722222222222221,0.8372093023255814,1,True,,
741,252.63529411764705,385.6588235294118,85.0,30.527051462717292,-20.87054246733335,25.53859415529835,0.8734208350797399,0.7762107124112859,0.6538461538461539,0.31713236670064576,0.37136527527781094,0.02352941176470591,0.8673469387755102,1,True,,
742,217.11666666666667,387.95,60.0,41.467765398073865,-24.126907548009747,29.70059062380911,0.8413985370186375,0.4272157941482141,0.7407407407407407,0.3152355714390675,0.3129164213935534,0.1166666666666667,0.8695652173913043,-1,False,,
743,561.566037735849,437.60377358490564,53.0,40.6081127407123,-23.449054324368404,33.40551057931659,0.9928945881806723,0.4347238153016402,0.7361111111111112,0.24280648608252686,0.3238453063059528,0.037735849056603765,0.8983050847457628,-1,False,,
744,1488.4689655172415,678.8068965517241,145.0,26.86482778908693,-10.529101754727394,12.235327075145237,0.5363831481313226,0.920822899178657,0.5492424242424242,0.18938033642440005,0.1580828153303471,0.15172413793103445,0.7552083333333334,-1,False,,
745,1370.4040404040404,693.2121212121212,99.0,26.93213136407896,-19.61783695067063,17.752426293449822,0.7251341593577282,0.8737436391406486,0.55,0.45100780794716844,0.33115493306758426,0.02020202020202022,0.8608695652173913,1,True,,
746,138.17557251908397,711.2061068702291,131.0,41.83908317207193,-24.210696857437718,34.83027788984219,0.47662453028646456,0.9630678162865117,0.3721590909090909,0.2669097453014541,0.3212236641188159,0.03053435114503822,0.7616279069767442,1,True,,
747,451.56880733944956,746.3211009174312,109.0,48.33933590540106,-35.204257317497394,45.45996470183039,0.7061705190861044,0.8275883381077557,0.558974358974359,0.34822863504427287,0.48633793707287637,0.01834862385321101,0.8320610687022901,1,True,,
748,1151.8867924528302,747.6037735849056,53.0,32.46237747323633,-24.871236198168837,31.666764190936217,0.9064327413065383,0.4036086771091747,0.7361111111111112,0.326256015671874,0.46349539846744175,0.07547169811320753,0.8548387096774194,-1,False,,
749,1457.5384615384614,818.9307692307692,130.0,29.136763568741994,-12.587866347066376,7.354568762422257,0.5008271421607422,0.9457679782022309,0.6565656565656566,0.37043786346912383,0.14508421344396014,0.08461538461538465,0.7692307692307693,-1,False,,
750,995.4941176470588,884.6588235294117,85.0,44.74496139417492,-33.76161893075806,43.595349694630876,0.7961890565599732,0.7814185929408513,0.6746031746031746,0.34664111084797805,0.4912117253331577,0.0117647058823529,0.8585858585858586,1,True,,
751,1445.4406779661017,955.457627118644,118.0,51.90441993958363,-37.98760384606868,49.919466007136265,0.6147581278418778,0.9059109037209665,0.4957983193277311,0.3203473206041223,0.4854078100899519,0.03389830508474578,0.8194444444444444,1,True,,
752,254.27173913043478,961.3695652173913,92.0,56.09653144099956,-40.70281762946995,55.33647964834973,0.7518531894971936,0.82148293018558,0.6133333333333333,0.31514945237532904,0.5115310549736023,0.021739130434782594,0.8363636363636363,1,True,,
753,295.93939393939394,10.404040404040405,99.0,37.53652709696575,-22.74083093007295,30.101369000999338,0.43817439706146255,0.9656287012576668,0.32142857142857145,0.28372726845319823,0.36339087769238637,0.14141414141414144,0.6556291390728477,1,True,,
754,1245.2666666666667,10.84,75.0,29.059091873424272,-20.15984858529025,18.13479521540054,0.7860151801056499,0.8065471060009378,0.5244755244755245,0.43269983609517415,0.31522326231002806,0.0,0.8620689655172413,1,True,,
755,711.6315789473684,31.70175438596491,57.0,33.77361236227041,-17.187029038528753,16.079721553425223,0.7467694213734335,0.6688203149971174,0.5757575757575758,0.39692907479771394,0.23257198898742595,0.19298245614035092,0.7916666666666666,-1,False,,
756,419.04651162790697,35.51162790697674,86.0,34.36041504110506,-22.953220209495168,31.120361945625604,0.7334833960404357,0.8958302513448103,0.5733333333333334,0.28859213722306626,0.38876388074700224,0.03488372093023251,0.86,1,True,,
757,1077.0581395348838,47.66279069767442,86.0,39.62816003238848,-33.99545412926781,37.80927657982594,0.6942016425840967,0.781601865267783,0.5119047619047619,0.47880897428407226,0.554582299188126,0.023255813953488413,0.8269230769230769,-1,False,,
758,438.73333333333335,52.82222222222222,45.0,30.29858458357968,-20.197489774184437,17.6080875621791,0.970221752014765,0.5137660051615233,0.625,0.44030461013317107,0.2953963602582614,0.022222222222222254,0.8823529411764706,1,True,,
759,392.1967213114754,73.31147540983606,61.0,38.437602501661274,-23.786499353678156,26.239014953457016,0.7482974653863196,0.5923664772956287,0.5648148148148148,0.3508127155851145,0.3009310836186174,0.08196721311475408,0.8133333333333334,1,True,,
760,1266.7627118644068,74.72881355932203,59.0,37.323836354206406,-23.812526536570598,22.2307145251366,0.84871191276674,0.6982338635175989,0.5959595959595959,0.4170089114015385,0.29004142395520616,0.0847457627118644,0.855072463768116,1,True,,
761,708.3636363636364,76.32727272727273,55.0,27.774905138664064,-11.25832011401119,21.63256964947358,0.8726868867141324,0.6684871715765416,0.6875,0.12038302054120735,0.22332960909063165,0.018181818181818188,0.873015873015873,1,True,,
762,999.6078431372549,81.13725490196079,102.0,39.88227295587811,-24.57539827421425,28.291976739869668,0.42840984585022956,0.9644913848857066,0.36428571428571427,0.3213246889850673,0.31550255914529163,0.10784313725490191,0.6986301369863014,1,True,,
763,16.0,80.07692307692308,104.0,29.529769336914384,-20.039884714163673,18.018829504462733,0.6737773760087601,0.9068576411468207,0.49523809523809526,0.4119534370704339,0.32172500091389966,0.019230769230769273,0.8524590163934426,1,True,,
764,1105.5454545454545,105.3409090909091,44.0,25.561720283527446,-16.571242408894502,17.68554056384016,0.8628811687605836,0.776682787762513,0.5714285714285714,0.4715992994606495,0.43958025527271355,0.09090909090909094,0.8301886792452831,1,True,,
765,583.74,136.93,100.0,49.98729985414077,-31.53563589367599,45.43632249262921,0.6729409233028241,0.8919292933561809,0.5102040816326531,0.2789775162935257,0.40763725131750106,0.19999999999999996,0.819672131147541,1,True,,
766,150.17241379310346,185.74137931034483,58.0,32.84153208882036,-24.495355396168403,28.21905369463621,0.7894520751240796,0.7381345448870054,0.5370370370370371,0.35995015013834525,0.4091592477313403,0.03448275862068961,0.8405797101449275,1,True,,
767,610.9333333333333,187.93333333333334,90.0,41.736044593085815,-24.96597026457386,34.80580956087721,0.5201991738342568,0.9569390356183275,0.3515625,0.24129932622114816,0.33863949875036875,0.09999999999999998,0.6923076923076923,1,True,,
768,1287.9634146341464,204.0487804878049,82.0,16.55951283074055,-3.3136120276391816,-3.9025528180484415,0.6128114261999166,0.8930640581758827,0.5466666666666666,0.40975296206590606,0.03316018738920187,0.13414634146341464,0.7522935779816514,-1,False,,
769,1345.90099009901,206.88118811881188,101.0,25.162258514462508,-13.094215793422897,13.104659325276096,0.5189147314297278,0.9476802529406605,0.5906432748538012,0.2701224057870631,0.220228782707438,0.06930693069306926,0.7163120567375887,-1,False,,
770,687.0857142857143,216.65714285714284,35.0,31.719625220993397,-20.683762229232737,20.41269961760757,1.0,0.45532231920290644,0.7142857142857143,0.36049842962196893,0.2961625269481114,0.0,0.875,1,True,,
771,477.53125,233.90625,32.0,30.624324964301795,-20.27320621923185,31.384800843057267,0.8852008021443688,0.7449404225886589,0.5925925925925926,0.23964400490513071,0.40136954793706536,0.0,0.8421052631578947,1,True,,
772,805.0877192982456,250.19298245614036,57.0,36.830096819277735,-25.40084547082746,26.04817784697622,0.8534358003833581,0.6815554266033536,0.6477272727272727,0.43378580531530214,0.3620314439922048,0.01754385964912286,0.8507462686567164,1,True,,
773,413.14285714285717,256.6734693877551,49.0,60.20506032800361,-38.26846057270953,56.75385645272658,1.0,0.5055466889764234,0.6805555555555556,0.24537299664653078,0.4345964631255792,0.1428571428571429,0.875,-1,False,,
774,109.85365853658537,257.4634146341463,82.0,42.346982045796764,-25.164388040529296,37.212262871911705,0.7440970831870564,0.8744615185460615,0.5324675324675324,0.23478525377264836,0.3656559140398735,0.13414634146341464,0.845360824742268,-1,False,,
775,81.26666666666667,262.45,60.0,53.18177719140995,-31.603082432267204,46.93166984148257,0.8630968604407525,0.7219970486898918,0.6818181818181818,0.22760646318395933,0.3634048332770666,0.08333333333333337,0.8695652173913043,1,True,,
776,222.8095238095238,271.85714285714283,63.0,37.08565778887295,-20.24337359013666,23.347177550927782,0.7375152444840883,0.6705209001009264,0.525,0.33157729710792266,0.2705475022158926,0.12698412698412698,0.8181818181818182,1,True,,
777,1260.7171717171718,307.22222222222223,99.0,32.24580447614924,-21.330705949336846,21.356814630105372,0.6662115140697958,0.9238934116552733,0.5294117647058824,0.4021418358039374,0.30899908912904334,0.030303030303030276,0.8461538461538461,1,True,,
778,1197.0958904109589,359.83561643835617,73.0,24.36378159096826,-13.364850035424944,14.67009007286486,0.8146729831891885,0.8403852082695739,0.6083333333333333,0.2955835708608366,0.25100670731945396,0.0547945205479452,0.8902439024390244,1,True,,
779,1073.3188405797102,370.1304347826087,69.0,42.670240318832434,-25.992404179106764,28.61413953305185,0.6475740473053799,0.5781659666708008,0.5307692307692308,0.3253418621809586,0.3053445667028427,0.17391304347826086,0.7666666666666667,-1,False,,
780,462.25454545454545,374.6363636363636,55.0,57.39978187794616,-34.56730362805286,55.7874732540137,0.8374601021280331,0.669592141941437,0.6790123456790124,0.20411974706433036,0.4203704145821658,0.054545454545454564,0.8333333333333334,-1,False,,
781,1333.0535714285713,375.9642857142857,56.0,44.25657742013389,-24.332781932912958,34.44891103027985,0.9432711477921326,0.5495303737888547,0.691358024691358,0.22138321000550473,0.3299394744847502,0.2142857142857143,0.875,1,True,,
782,137.23958333333334,405.0625,96.0,40.976139690514536,-31.733849638472737,39.10083707440067,0.5356753862065896,0.9345329629820549,0.48484848484848486,0.3780822907574475,0.4909237492829561,0.04166666666666663,0.7441860465116279,1,True,,
783,727.7540983606557,411.4590163934426,61.0,35.28827766562162,-23.03844985121427,29.790295969832464,0.8774818081147652,0.6757803144956943,0.7625,0.3046637372892411,0.37462919046644305,0.08196721311475408,0.8970588235294118,-1,False,,
784,414.6860465116279,416.13953488372096,86.0,56.60085252007911,-34.15935627039054,50.50795794064616,0.7028192858343332,0.8309208519978171,0.6825396825396826,0.24176383174436036,0.3817390139366305,0.12790697674418605,0.8269230769230769,1,True,,
785,1027.6833333333334,420.98333333333335,60.0,30.869759276945622,-19.41887483269631,11.949616264969357,0.8166745604731857,0.7490665053172246,0.5454545454545454,0.43619281947612765,0.27184073304136597,0.01666666666666672,0.8333333333333334,1,True,,
786,824.3571428571429,420.7857142857143,56.0,32.960009574955784,-20.49151049009395,24.50393788004529,0.8526866494394519,0.5891331808630084,0.691358024691358,0.42225389555096626,0.3522746531026704,0.1607142857142857,0.8484848484848485,1,True,,
787,797.9142857142857,426.34285714285716,35.0,44.39726924277346,-29.208769637587636,34.916233936480346,1.0,0.45532231920290644,0.7142857142857143,0.3143828856093543,0.35002143681049347,0.0,0.875,-1,False,,
788,1245.9811320754718,553.6603773584906,53.0,51.14236621546159,-34.478116907149,46.336544647226845,0.8770863958467847,0.6175192607048927,0.6625,0.283169741900462,0.42145910746646376,0.05660377358490565,0.8548387096774194,1,True,,
789,705.0357142857143,570.9107142857143,56.0,53.510960536550726,-36.807800766042895,53.136239569189854,0.8885539210180257,0.6784292025842988,0.7,0.27736240598772255,0.4802948608994484,0.0714285714285714,0.875,1,True,,
790,669.3653846153846,581.1538461538462,52.0,55.81364074878007,-37.73912443917549,51.29926368901243,0.8758946372355518,0.7628876710355731,0.65,0.2881036758995973,0.4284723372413562,0.019230769230769273,0.8813559322033898,-1,False,,
791,217.2235294117647,640.2352941176471,85.0,41.54143602583627,-25.3216673595599,36.2795740368296,0.7158754246636722,0.8576434734723578,0.5059523809523809,0.2428061487043605,0.35072732883341173,0.03529411764705881,0.8252427184466019,-1,False,,
792,1450.3584905660377,649.811320754717,53.0,30.986731834536656,-24.761680435125957,23.771722468054723,0.9928945881806723,0.3897147084326917,0.7361111111111112,0.5006329560617231,0.4123069258793345,0.037735849056603765,0.8833333333333333,-1,False,,
793,807.1363636363636,693.0909090909091,88.0,54.99384641866647,-39.84918784201225,53.737344186862884,0.6981495093713059,0.8674767048307939,0.5714285714285714,0.30738209949975664,0.49876303801482375,0.03409090909090906,0.822429906542056,1,True,,
794,1116.0,696.0166666666667,60.0,26.930569018150198,-18.359914374387937,22.06767244526296,0.9135928386851272,0.7242451793441381,0.6666666666666666,0.31917234441886344,0.3341905706872543,0.01666666666666672,0.8823529411764706,1,True,,
795,753.7241379310345,778.7068965517242,58.0,41.443490269870765,-21.709943624085653,33.27914587542769,0.8684083582848207,0.7248019372469409,0.6444444444444445,0.22314595707274718,0.2804441017435928,0.0,0.8656716417910447,1,True,,
796,1132.3720930232557,803.0,86.0,37.70387546566666,-21.601567503900874,31.419235400997703,0.6547415343910078,0.898164302589466,0.7678571428571429,0.21022529674823895,0.31133880795434465,0.0,0.86,-1,False,,
797,1160.8850574712644,811.3563218390805,87.0,45.070654672626056,-34.31904626427523,43.02065322419825,0.7327195523028173,0.8308112410006228,0.5576923076923077,0.3531723676741808,0.4995001530510256,0.05747126436781613,0.8446601941747572,1,True,,
798,149.8125,840.7604166666666,96.0,19.044780827707918,-8.90873262317722,-0.6041163033878774,0.7102452720083718,0.8776908455866317,0.6666666666666666,0.6675921478308737,0.1434283662820235,0.01041666666666663,0.8421052631578947,-1,False,,
799,570.1684210526316,843.0631578947368,95.0,25.0897395842888,-11.709574725729924,9.503163403798093,0.7028468837582846,0.8641495366511484,0.521978021978022,0.3038056398692884,0.1827871714375521,0.021052631578947323,0.8260869565217391,1,True,,
800,1178.0119047619048,856.2857142857143,84.0,56.16025419289009,-35.84495505587096,55.18775465857378,0.4180602189454597,0.958593282900047,0.3684210526315789,0.2372021989985591,0.4576597611109416,0.09523809523809523,0.5915492957746479,-1,False,,
801,1470.9183673469388,971.6020408163265,98.0,28.386697773266153,-15.801781463321971,12.353226227231177,0.6967497741792542,0.8767437323564652,0.6125,0.4104555462087904,0.22850567292498083,0.04081632653061229,0.8305084745762712,1,True,,
802,608.0,0.9583333333333334,24.0,41.954234752102714,-23.093962301163867,26.253326846754607,1.0,0.921582235022328,0.6666666666666666,0.2885825000703335,0.2853628636027376,0.16666666666666663,0.8571428571428571,-1,False,,
803,251.9655172413793,13.10344827586207,29.0,26.376209858243897,-24.10939357361944,23.50159532963336,0.9202879896258125,0.48214643960672987,0.6904761904761905,0.6216005513380314,0.49502649800530796,0.03448275862068961,0.8285714285714286,-1,False,,
804,1404.7222222222222,16.555555555555557,54.0,30.083558211905498,-13.360494229887358,12.180168868496606,0.9498898157053116,0.7236329604262449,0.675,0.2820474930383541,0.1805371397899257,0.11111111111111116,0.9,1,True,,
805,1314.7272727272727,17.727272727272727,33.0,31.764365570821905,-20.725284152472074,20.051949107181414,1.0,0.5465253482976594,0.673469387755102,0.38883158429102466,0.3340768441557884,0.06060606060606055,0.8461538461538461,1,True,,
806,822.1463414634146,21.5609756097561,41.0,45.12347874411172,-30.33343583145104,38.43753449998105,0.8865877685307582,0.8146091499739114,0.5324675324675324,0.3005808242937414,0.397924665997668,0.12195121951219512,0.803921568627451,-1,False,,
807,13.35,33.4,60.0,27.49257326603989,-17.68863439644785,20.61223917671835,0.7878799775389504,0.8017708679797239,0.5769230769230769,0.3300451892117659,0.3274295071760813,0.08333333333333337,0.8450704225352113,1,True,,
808,1224.2222222222222,40.0,27.0,17.363918861709276,-7.272386130167969,1.0582266098227031,0.9929365491729241,0.55320249564782,0.6428571428571429,0.5265625488978846,0.13751256852238267,0.0,0.8181818181818182,-1,False,,
809,511.01869158878503,37.33644859813084,107.0,39.31148333380221,-29.46078120775759,38.052291755905024,0.6239899067218757,0.8399657877546314,0.5572916666666666,0.36713880509416635,0.4883012832882248,0.028037383177570097,0.781021897810219,1,True,,
810,652.6638655462185,89.6218487394958,119.0,40.14544003817775,-29.440471628131185,34.86996655682872,0.41051160351913607,0.9038195739061354,0.39666666666666667,0.39037631802699146,0.4509915729530719,0.09243697478991597,0.6574585635359116,1,True,,
811,140.27058823529413,107.89411764705882,85.0,40.12595568104768,-29.92393068763742,35.689430013025,0.5821580455885552,0.928587870772965,0.53125,0.3843889033093172,0.47497822326772354,0.08235294117647063,0.794392523364486,1,True,,
812,35.63414634146341,108.0,41.0,39.985087618420735,-25.180803889092974,32.848120705937355,0.7888530225049826,0.6412381620743549,0.6507936507936508,0.27995782072951153,0.35881482573544105,0.09756097560975607,0.8541666666666666,1,True,,
813,514.9607843137255,113.23529411764706,51.0,39.845620525081756,-24.102046918838397,22.49527418265392,0.9377734075522062,0.7547723686640898,0.6296296296296297,0.39993538050090566,0.2771342986939,0.05882352941176472,0.8793103448275862,1,True,,
814,166.32258064516128,144.17741935483872,62.0,28.65671166790616,-13.670537744675435,14.817663611082368,0.7823985687810421,0.7547526475391598,0.5636363636363636,0.2751815419403776,0.22410859720360848,0.11290322580645162,0.8266666666666667,1,True,,
815,718.0,148.0,39.0,30.320069138050503,-20.91387987016071,21.44267778327409,0.9016785679793784,0.7508860014902679,0.6190476190476191,0.3708702020156078,0.3631490782524149,0.07692307692307687,0.8297872340425532,1,True,,
816,369.6,153.45714285714286,35.0,45.60069071965951,-24.49116262628317,39.738624880827494,0.9681883773454034,0.6620318296346671,0.625,0.19696491871561322,0.33539036214351653,0.1428571428571429,0.8333333333333334,1,True,,
817,341.54285714285714,158.34285714285716,35.0,43.75544902094768,-24.365688850356626,34.786684372375035,0.8970959484175688,0.6868820067902535,0.625,0.23263732961245945,0.3121478808777673,0.08571428571428574,0.8333333333333334,1,True,,
818,703.7777777777778,163.9206349206349,63.0,19.973089941519373,-14.579690837036289,7.828085327136346,0.6930155371534038,0.884214484164782,0.6428571428571429,0.4891808458736965,0.3345105720181314,0.0,0.7875,1,True,,
819,661.1935483870968,171.09677419354838,31.0,31.31389344875317,-22.86449382989052,20.980881645419483,0.9837561268413854,0.4824708464012273,0.6326530612244898,0.4940570035288411,0.3584734247096123,0.032258064516129004,0.8157894736842105,1,True,,
820,731.8070175438596,175.03508771929825,57.0,22.90408998132769,-14.125228109444736,5.43959844180451,0.8534358003833581,0.7450729403086206,0.6477272727272727,0.514650261454415,0.2649223619843261,0.08771929824561409,0.8636363636363636,1,True,,
821,1355.8977272727273,179.0681818181818,88.0,48.882590186381094,-36.075317663447805,43.269038921852335,0.4077536687701306,0.9533730420387772,0.3142857142857143,0.3952274772931229,0.4676031495698474,0.10227272727272729,0.6470588235294118,-1,False,,
822,1308.3428571428572,181.54285714285714,35.0,21.65152422856443,-10.061542657442127,10.68396382158293,0.8970959484175688,0.6868820067902535,0.625,0.30768886591706957,0.17937101434384073,0.02857142857142858,0.8333333333333334,1,True,,
823,467.32142857142856,184.96428571428572,28.0,36.18225278276556,-22.475139176705778,33.24753030880888,1.0,0.45143464064105815,0.6666666666666666,0.26282163177217754,0.3743414216275726,0.0357142857142857,0.8484848484848485,-1,False,,
824,370.55,195.975,40.0,37.007468445689206,-21.680243974632653,33.83858302618823,1.0,0.589310411815173,0.7142857142857143,0.2004855629056692,0.3454289209097624,0.025000000000000022,0.8888888888888888,1,True,,
825,71.75,199.0,32.0,32.460462944550166,-20.92602332407091,23.39645371463289,0.8852008021443688,0.3083521052089219,0.6530612244897959,0.34845222160220146,0.32558945046912413,0.0,0.8205128205128205,-1,False,,
826,1380.5675675675675,202.32432432432432,37.0,28.833134711086576,-15.8399911056902,10.427641783261981,1.0,0.639396834075706,0.6607142857142857,0.409568521622065,0.20821106433868408,0.027027027027026973,0.8809523809523809,1,True,,
827,1114.8108108108108,204.54054054054055,37.0,7.041858922704318,0.051231331652018104,-6.544968796836603,0.9694901259935806,0.5509728676993153,0.6607142857142857,0.21850140231686668,-0.02971258623575842,0.08108108108108103,0.8604651162790697,-1,False,,
828,241.27058823529413,213.2,85.0,32.53772942907665,-17.175942297219986,22.143496387365428,0.6416969400585841,0.8726441129653354,0.5902777777777778,0.28089110965237896,0.2596337505232762,0.14117647058823535,0.794392523364486,1,True,,
829,1212.2222222222222,219.0,27.0,32.5091266662802,-26.388405091560703,28.12559419900863,0.9929365491729241,0.55320249564782,0.6428571428571429,0.42174733844068313,0.4705517672830158,0.03703703703703709,0.8181818181818182,1,True,,
830,106.56179775280899,243.12359550561797,89.0,37.24391402221615,-21.164437173660595,31.070327653413443,0.6584565542577614,0.888882864663262,0.489010989010989,0.23432200552707308,0.3270096918672658,0.101123595505618,0.8090909090909091,-1,False,,
831,1417.7179487179487,251.84615384615384,39.0,37.010276014541816,-21.53248547882426,15.981797661022553,1.0,0.5265983268654805,0.6964285714285714,0.4171563195876586,0.23584551956409064,0.05128205128205132,0.8478260869565217,1,True,,
832,1204.9722222222222,261.3888888888889,36.0,29.28199342944044,-19.60499779674906,17.978077762894852,1.0,0.4198415544187913,0.6428571428571429,0.3957953602075577,0.2929835021495819,0.0,0.8780487804878049,1,True,,
833,1118.34375,263.75,64.0,19.187628330998315,-13.571507948598919,13.334483301078665,0.7668457849132063,0.848745584941772,0.6153846153846154,0.48853940865956247,0.3758752337889746,0.03125,0.8648648648648649,1,True,,
834,960.8888888888889,278.22222222222223,27.0,36.119992366933566,-26.648580598174338,28.958555855181476,1.0,0.3184061690345569,0.5510204081632653,0.4028235684942316,0.39897619905295195,0.03703703703703709,0.84375,-1,False,,
835,879.0,287.75,32.0,45.20113783449174,-32.64123548138651,33.46569534878993,0.8852008021443688,0.3083521052089219,0.6530612244897959,0.4448679774068296,0.38997981511056423,0.03125,0.8205128205128205,-1,False,,
836,790.5769230769231,295.3076923076923,52.0,29.01408408234081,-15.899125788943573,12.038263866602543,0.9147087114199298,0.6932053873545203,0.65,0.47826797801714677,0.22760583159442133,0.05769230769230771,0.8524590163934426,1,True,,
837,743.0,298.22222222222223,27.0,30.358217060778703,-20.97350906091089,13.748836452676665,0.9929365491729241,0.5532024956478204,0.6428571428571429,0.577382649536486,0.31892148929613606,0.0,0.8181818181818182,1,True,,
838,299.56756756756755,308.56756756756755,37.0,29.05713261034103,-16.528273485975287,23.89553698789601,1.0,0.45903117676809535,0.578125,0.2077160838085252,0.3000251107119225,0.0,0.8604651162790697,-1,False,,
839,812.125,311.5,24.0,47.60953759466029,-35.15477396214765,39.25245856534121,1.0,0.7094845289635756,0.6857142857142857,0.381653293967247,0.4010951618353526,0.04166666666666663,0.8571428571428571,-1,False,,
840,792.5714285714286,333.9714285714286,35.0,34.06079827859986,-24.221562599411044,26.111104215784643,0.9681883773454034,0.6077915055614562,0.625,0.3877635772739138,0.36921553484031133,0.02857142857142858,0.8333333333333334,1,True,,
841,1050.2764227642276,336.5365853658537,123.0,31.435267514930008,-18.18268469213907,22.887239580932498,0.4738595268136255,0.9251108527642192,0.5324675324675324,0.3289134330986961,0.3255403725718095,0.13008130081300817,0.7028571428571428,1,True,,
842,516.4222222222222,337.2888888888889,45.0,43.50746964808793,-28.404446467854267,32.890069535494895,0.7794486118464918,0.6642612511414122,0.5625,0.3541971097389857,0.3694704900185267,0.15555555555555556,0.8181818181818182,1,True,,
843,652.1739130434783,336.54347826086956,46.0,44.813479439550214,-30.27158458114431,37.35972144474966,0.9453496097333653,0.605389787807538,0.6388888888888888,0.3231363426084104,0.39892271355442377,0.10869565217391308,0.8518518518518519,1,True,,
844,78.97435897435898,356.0769230769231,39.0,35.87907619155922,-23.121146779478657,22.238765665024847,0.8408588517461296,0.813040383904573,0.5571428571428572,0.38497681610095197,0.326117808620135,0.07692307692307687,0.8478260869565217,1,True,,
845,749.0,358.0,39.0,11.892095113285798,-5.009120304496789,-3.7056253607000045,0.9016785679793784,0.7508860014902679,0.6190476190476191,0.29074103079545194,0.13148660372751644,0.1282051282051282,0.8297872340425532,-1,False,,
846,162.2941176470588,373.38235294117646,34.0,32.614127761804745,-22.518603267716113,24.578050113999126,0.994436936676639,0.5797328451749789,0.6071428571428571,0.3600798959241194,0.33500974274733486,0.0,0.85,1,True,,
847,1411.896551724138,372.9655172413793,29.0,45.632258732828554,-32.2660431112783,43.091948556026125,0.9202879896258125,0.48214643960672987,0.6904761904761905,0.2941342566547723,0.42784790746096907,0.0,0.8285714285714286,1,True,,
848,481.68,381.2,25.0,45.990006465916146,-32.64029453321706,47.256936618448734,1.0,0.5866194597194831,0.5952380952380952,0.2633679085969925,0.4743793547153473,0.0,0.8064516129032258,-1,False,,
849,1432.611111111111,390.75,36.0,29.51213659215692,-14.277638002392937,8.61569705590699,0.9227272612294993,0.6259504631631407,0.6428571428571429,0.4367871458331744,0.18079860736098555,0.08333333333333337,0.8372093023255814,1,True,,
850,493.9032258064516,398.19354838709677,31.0,35.723327346214006,-24.897517456234866,32.72770366421518,0.9837561268413854,0.48247084640122717,0.6326530612244898,0.2979888711725512,0.405816174322559,0.032258064516129004,0.8157894736842105,-1,False,,
851,298.8333333333333,405.8333333333333,54.0,45.412207667787754,-30.345950521125562,42.394153834727014,0.7572586833167738,0.7919082295744858,0.54,0.2823687778026969,0.4429255180336811,0.07407407407407407,0.782608695652174,1,True,,
852,190.12244897959184,419.265306122449,49.0,44.54006300238503,-30.909763693207623,42.589919856007874,0.7774846808907726,0.8175116623857397,0.6049382716049383,0.30101304881426755,0.4765752949276749,0.20408163265306123,0.8448275862068966,1,True,,
853,366.78,420.76,50.0,40.314443066882184,-25.376725922464388,34.73548295105406,0.8172317277143409,0.7518751361034286,0.625,0.27583867490291597,0.36514109909534453,0.18000000000000005,0.819672131147541,1,True,,
854,711.1071428571429,420.17857142857144,28.0,46.16755375688515,-30.824124810074068,43.39235956525759,1.0,0.6186164981361927,0.6666666666666666,0.30513488607747213,0.43750051089695524,0.0,0.8484848484848485,-1,False,,
855,1411.78125,421.90625,32.0,43.18488750252737,-23.280597685328424,38.91958084765054,1.0,0.30876064896481387,0.6530612244897959,0.17604164010845125,0.3336608079262078,0.03125,0.8648648648648649,-1,False,,
856,99.12,420.94,100.0,41.29752211579077,-27.264325977394687,30.313270724701237,0.42971651147581796,0.9607611423471081,0.5,0.3902299526333809,0.3566232594847679,0.06999999999999995,0.6756756756756757,1,True,,
857,1476.076923076923,438.9230769230769,52.0,46.72888989587575,-23.311072461550676,32.04919228083752,0.7480172790486523,0.2643153529220705,0.52,0.2272041364071461,0.27487684012605595,0.21153846153846156,0.8125,-1,False,,
858,26.52173913043478,442.60869565217394,46.0,39.44860245756272,-24.90471344823584,27.750383886124595,0.8850546106153464,0.751990335434455,0.575,0.3184595477321874,0.3153166210521822,0.0,0.8363636363636363,1,True,,
859,1193.0,459.9736842105263,38.0,38.20329606801275,-23.69238899888278,25.146576879455328,0.8192983683680237,0.7993610235445899,0.5428571428571428,0.3527414986961766,0.30491618145453303,0.13157894736842102,0.8260869565217391,1,True,,
860,116.0,470.22222222222223,27.0,38.62318304727966,-21.56038217260628,23.865602180445507,0.9929365491729241,0.5532024956478204,0.6428571428571429,0.27611422152430926,0.25691945133385835,0.0,0.8181818181818182,1,True,,
861,862.4285714285714,562.1734693877551,98.0,55.45843566248405,-35.62647673328943,54.622731536407414,0.4863602109465832,0.9659774154004991,0.32666666666666666,0.23395254158852052,0.4506715572610193,0.04081632653061229,0.7480916030534351,-1,False,,
862,195.02702702702703,561.8378378378378,37.0,58.276149451474204,-41.85624702510267,57.02132858787797,0.9001028259778735,0.7342759222440658,0.5873015873015873,0.2940538855823311,0.50015541991672,0.05405405405405406,0.8409090909090909,-1,False,,
863,961.0,566.6666666666666,36.0,41.10184865963401,-25.538179826217895,36.393024037591886,0.9958509024124149,0.6416889479197478,0.6428571428571429,0.24961660243570805,0.3650564182963636,0.05555555555555558,0.8571428571428571,1,True,,
864,624.3770491803278,600.1311475409836,61.0,68.18062021930744,-41.58085170319203,65.86872518647624,0.4467998355638525,0.9659585805805466,0.5126050420168067,0.2458603740593449,0.4758932629569632,0.2786885245901639,0.5980392156862745,-1,False,,
865,1002.2727272727273,607.7272727272727,33.0,61.23162455648129,-44.201534610998344,61.39543703463458,1.0,0.5465253482976592,0.673469387755102,0.2920871327320735,0.5321470950589036,0.0,0.8461538461538461,-1,False,,
866,927.875,609.5,24.0,68.72294974854306,-50.18071882002075,67.53445709363437,1.0,0.7094845289635756,0.6857142857142857,0.310368603716294,0.545823206504186,0.0,0.8571428571428571,-1,False,,
867,1113.404761904762,619.7142857142857,42.0,58.67308021595245,-39.553747691907155,54.730487142466,0.9540132620106013,0.6648585647770753,0.525,0.27778565954594386,0.4437623279435294,0.11904761904761907,0.8076923076923077,-1,False,,
868,1470.892857142857,633.1785714285714,28.0,60.82022181368275,-43.7985810739728,60.39615092160369,1.0,0.6186164981361928,0.6666666666666666,0.2876438982784748,0.5109910241195134,0.0,0.8484848484848485,-1,False,,
869,646.6923076923077,636.7692307692307,39.0,55.181425906253445,-36.88091018058302,53.470727587100576,1.0,0.5288739697949097,0.6964285714285714,0.2572339876339986,0.4510288131542695,0.05128205128205132,0.9069767441860465,-1,False,,
870,1072.921052631579,649.2368421052631,38.0,38.83182600572846,-17.167177862826048,30.861675654118322,0.8481526948271003,0.7536603036238027,0.6031746031746031,0.14161455253825375,0.2617210036045627,0.1842105263157895,0.7916666666666666,1,True,,
871,367.52777777777777,668.5277777777778,36.0,50.027906298505144,-37.45975834680072,47.103300036128765,0.875775722573066,0.7248944986687469,0.5625,0.34504861426022315,0.47540174838569427,0.0,0.8181818181818182,1,True,,
872,517.965811965812,690.9145299145299,117.0,45.84990731951495,-26.867356598949268,42.25199617885494,0.3549985345428426,0.9755163731320846,0.5,0.21071941169918093,0.3714364448673705,0.042735042735042694,0.6290322580645161,-1,False,,
873,1009.0,692.0,39.0,58.63106589900743,-31.07572588719032,56.664543990630975,0.9016785679793784,0.7508860014902679,0.6190476190476191,0.15758343862417418,0.37903462923490083,0.02564102564102566,0.8297872340425532,-1,False,,
874,734.0,714.2222222222222,27.0,56.112358501240884,-31.56896802222816,56.57428943398423,0.9929365491729241,0.5532024956478204,0.6428571428571429,0.17326406417069612,0.4258534246020847,0.0,0.8181818181818182,-1,False,,
875,934.9333333333333,751.3777777777777,45.0,43.46720056423649,-23.528842053170056,35.699869103027865,0.8824921044142333,0.7604412810236375,0.6428571428571429,0.21080662459135055,0.3404275175597933,0.0888888888888889,0.8333333333333334,1,True,,
876,601.7169811320755,771.9622641509434,53.0,41.7713175123274,-24.055377167786983,36.40347757115986,0.4721924045618232,0.968415783330511,0.42063492063492064,0.2110503598485353,0.33980334423622993,0.037735849056603765,0.5760869565217391,1,True,,
877,1326.1935483870968,785.9032258064516,31.0,26.2728941122542,-10.590940398534885,8.692088265043154,0.9837561268413854,0.48247084640122717,0.6326530612244898,0.2551161959286659,0.14648311945699877,0.0,0.8157894736842105,-1,False,,
878,680.8478260869565,819.0217391304348,46.0,29.211379551288502,-16.119003150185623,16.21592731549079,0.9453496097333653,0.42156689815420034,0.71875,0.37455847276293713,0.2523797799873611,0.10869565217391308,0.8846153846153846,-1,False,,
879,451.6,822.44,50.0,53.3813427802051,-33.82065241884819,48.773679438001444,0.9193856936786335,0.6922384929761055,0.625,0.2659061071276665,0.41184510380029676,0.040000000000000036,0.847457627118644,1,True,,
