label,x_px,y_px,area_px,color_l,color_a,color_b,circularity,eccentricity,extent,vari,gli,gap_fraction,solidity,cluster_id,is_tree,lat,lon
1,282.9025506867234,190.78557413809213,10703.0,38.7561386146833,-29.381633403234357,15.529916582769019,0.5186852451578177,0.9424929978342109,0.6673525377229081,0.7816371380416832,0.321539381467012,0.4223115014481921,0.8803981245373036,-1,False,,
2,335.15837029054586,102.55083516392423,24127.0,40.10657133970558,-31.368838589083435,16.703980938287494,0.4388872230028326,0.7536853092227394,0.6038996796155387,0.792794728642533,0.35616025598031464,0.3188129481493762,0.8426879955293214,-1,False,,
3,916.4073028173639,51.46410980495173,15227.0,35.83661676964087,-27.995115818563285,14.126410457391687,0.5506172202035848,0.7289496804905189,0.7403967713702228,0.7484940369683499,0.3407208893958271,0.3323701320023642,0.8694187507137148,-1,False,,
4,312.96720461948473,280.5390139176784,13508.0,43.705261701416035,-33.935016730610485,19.380007013388308,0.5591187172888673,0.7556101527635269,0.6831537955798311,0.8378775828910414,0.37130191572410953,0.34009475866153394,0.8914994720168955,-1,False,,
5,306.19018691588786,229.00046728971964,2140.0,35.83846750630557,-28.50000605684779,14.458238067881355,0.24265064933686759,0.9957668656746643,0.8069381598793364,0.8073358765220113,0.3398890429687747,0.2985981308411215,0.9208261617900172,-1,False,,
6,128.27857483191275,215.83148922653396,18889.0,40.590327026051106,-30.679515982013744,17.20289858483403,0.514728128169607,0.7309328988532985,0.713869992441421,0.7299779238744066,0.34104382391482396,0.36936841547990895,0.8891451704010545,-1,False,,
7,815.9885898815932,54.03659849300323,4645.0,35.78027083747222,-29.97911783556778,17.486716430607206,0.6315794741388217,0.5968238450336162,0.6155579114762788,0.7244775992773064,0.3689916634761735,0.24413347685683529,0.8869581821653618,-1,False,,
8,40.452988047808766,171.82828685258963,5020.0,44.85828283534491,-37.20865234028679,24.652621237903407,0.6218252346386381,0.6737814839395287,0.7086391869000565,0.8309188999680884,0.4164129716960112,0.24322709163346612,0.8796215174347293,-1,False,,
9,789.1218383713757,121.45681677976557,6484.0,38.24772971918929,-31.479145486869168,16.78541618483669,0.4984108584509039,0.8544747372366609,0.608027006751688,0.8671152167422105,0.38720865236172414,0.2282541640962369,0.8258820532416252,-1,False,,
10,602.8614313908798,281.3315674665005,9627.0,39.47028589675015,-30.488901261028793,15.540523664699808,0.464345650096672,0.5254068373341781,0.6478901675752069,0.8478063797005317,0.349515040907082,0.3213877635815935,0.8574100463127895,-1,False,,
11,23.29110779930452,736.0571286636861,2013.0,40.94356211968554,-35.19156686758378,22.216147237560715,0.6695857412839992,0.73413210429169,0.6689930209371885,0.8688842014803321,0.42443922982249044,0.2126179831097864,0.9673234022104757,-1,False,,
12,968.019582801192,113.22051936994465,2349.0,29.272926971144603,-24.85653070664681,10.645569976661118,0.598495967505409,0.9334044593770826,0.7676470588235295,0.8735036092135133,0.3577056713140597,0.14857386121753935,0.8975926633549867,-1,False,,
13,584.5092812946216,130.07555925749642,8404.0,40.74605976253032,-31.81646879388616,18.66074973874609,0.4163744625191333,0.48633563014141024,0.5646711012564671,0.7783318556923204,0.3591381939742422,0.30616373155640175,0.8185448524398559,-1,False,,
14,755.2029169308814,184.16391883322765,6308.0,35.18862749953119,-27.95937809807987,14.623420353966987,0.5000303702967104,0.84987120063121,0.6893989071038251,0.7363404221797318,0.339237832773882,0.2901077996195307,0.8309840600711369,-1,False,,
15,699.9207097310784,509.02425838647076,7214.0,37.2966900513811,-31.08721970960243,16.610381004421633,0.5413874288523721,0.5679997719375222,0.648158131176999,0.8364426387380473,0.38235546538612997,0.21763238148045472,0.8484064447841938,-1,False,,
16,702.9222277972905,436.33341695935775,3986.0,36.24941816111238,-29.356506866382475,14.476971332672504,0.6195244281353346,0.5993803833139337,0.7007735583684951,0.8500312103086599,0.36979117273781553,0.2737079779227296,0.8842058562555457,-1,False,,
17,967.4627039627039,139.2051282051282,1716.0,40.331508740802406,-33.51837564530498,18.115752479354093,0.5402758299424713,0.9338547741940314,0.6206148282097649,0.9155180074430845,0.3972777934584306,0.21037296037296038,0.8701825557809331,-1,False,,
18,769.4854368932039,152.35339805825242,515.0,29.482344166364058,-23.141731037031647,8.29272694347276,0.3010140208347476,0.9920005133109414,0.8059467918622848,0.6780621521102572,0.2941848133211431,0.31844660194174756,0.9501845018450185,-1,False,,
19,657.654958677686,107.4383608815427,5808.0,36.2995080092669,-29.924012323861678,15.613084861855894,0.43282524241779413,0.7128416637769255,0.555045871559633,0.8572158157830602,0.3782252208167782,0.21539256198347112,0.7751234485519819,-1,False,,
20,959.1329940252268,308.73091391900863,4519.0,24.072000247314374,-18.15713821178016,6.756164955407834,0.5729298372123316,0.6463516126486821,0.7197005892658067,0.556632072167089,0.26916103761043036,0.3394556317769418,0.8715525554484088,-1,False,,
21,937.539322533137,183.45743740795288,3395.0,42.99167078820452,-34.90978166028474,19.54002024683836,0.6037862570625728,0.8117689164774972,0.7362828019952288,0.8768101103263681,0.39361763814730305,0.2892488954344624,0.8843448814795519,-1,False,,
22,750.556640625,437.19775390625,2048.0,34.137580249399136,-27.87366894220276,13.12318412615,0.5294787612424686,0.894571818662226,0.6660162601626016,0.8167285150993848,0.3524188433912059,0.26416015625,0.8362596978358514,-1,False,,
23,941.1194915254238,152.135593220339,1180.0,34.540454923664,-27.261817936319623,11.166616702512712,0.46990736052814375,0.9491333881526202,0.5361199454793276,0.8733256545359805,0.344276962241442,0.30508474576271183,0.811554332874828,-1,False,,
24,162.28897715988083,317.46408474015226,3021.0,38.52019944195271,-30.234111938181908,16.593758648202193,0.628223575282194,0.8149007694711499,0.7136782423812899,0.8316577072127376,0.3660493049720035,0.24428997020854026,0.9036793299431648,-1,False,,
25,795.6252252252252,88.40900900900901,555.0,37.53217186528292,-29.85809507211112,14.89266413076106,0.44728694488248616,0.9776532735607004,0.7974137931034483,0.8684649650578027,0.36736360338625607,0.2648648648648648,0.9585492227979274,-1,False,,
26,968.0,345.59589041095893,1168.0,34.66191827052223,-25.84356555077069,12.330696703246863,0.555366504200158,0.952132481966314,0.6806526806526807,0.846795709676122,0.3350486377515664,0.31506849315068497,0.8781954887218045,-1,False,,
27,47.70712643678161,500.41701149425285,2175.0,24.322354459048288,-20.136959717800046,6.184033031518536,0.6327151958559374,0.8598164388723523,0.8630952380952381,0.9093618389929848,0.295889342542438,0.18712643678160923,0.9334763948497854,-1,False,,
28,45.34704743465634,113.29670861568248,2066.0,35.079247161917756,-28.099767571967448,13.293266935138242,0.661159630965117,0.7628280824945695,0.7391771019677996,0.8069899578408374,0.3509422203513279,0.25266214908034845,0.9277054333183655,-1,False,,
29,976.768855656697,451.22659297789335,3076.0,33.17147719016843,-29.31289890582668,15.27250734890072,0.5502810505667641,0.8667215010011631,0.6675347222222222,0.820181899174796,0.4030874579904482,0.14076723016905068,0.8949665405877218,-1,False,,
30,6.046153846153846,495.68901098901097,910.0,41.33037632706361,-35.79718737656218,20.950072493536933,0.42318285705719877,0.9803892714573449,0.9154929577464789,0.9137415914090126,0.41512739372613666,0.14725274725274728,0.9670563230605739,-1,False,,
31,1002.1212553495008,469.98716119828816,701.0,42.413798001255984,-38.620362826375185,24.059782245722037,0.38456289561586454,0.9870034822787755,0.8466183574879227,0.9421967761152651,0.4746777262437701,0.08273894436519258,0.9472972972972973,-1,False,,
32,969.7905449770191,372.3197636244255,1523.0,34.77658537611205,-25.091448293608813,12.636043416252472,0.6064990763426805,0.5597608873988674,0.6656468531468531,0.7243407557003606,0.3158305686625187,0.3788575180564675,0.8707833047455689,0,True,,
33,21.817224880382774,502.88133971291865,1045.0,27.18934448489464,-22.954069351087178,8.339595855647724,0.5424407159127097,0.9561364811596353,0.9215167548500882,0.8833904427204405,0.31949856176473307,0.1454545454545455,0.9613615455381784,-1,False,,
34,79.77198211624442,491.30203676105316,2013.0,44.07850706518925,-34.92688205222478,18.517338822728476,0.6537695491812388,0.8624730005879573,0.8216326530612245,0.9103771579603147,0.36190753769901224,0.315946348733234,0.9280774550484094,-1,False,,
35,416.83856088560884,14.652675276752767,2168.0,35.722802283888676,-31.693222161368617,18.0671555516776,0.5069644788115356,0.9265552427933338,0.6410408042578356,0.9042370424183203,0.42315960233185673,0.10839483394833949,0.8672,-1,False,,
36,884.2202380952381,716.5025183150183,4368.0,31.036769483436036,-25.758196545669573,9.989338428302966,0.4711583082620737,0.4194255876876626,0.5985201425047958,0.7996088461643391,0.34196863049895404,0.17673992673992678,0.8166012338754908,-1,False,,
37,999.207343412527,375.9794816414687,926.0,26.759606265443654,-22.21317253976803,8.520667275057667,0.5962624486634633,0.9451142978475093,0.8574074074074074,0.8138846592337987,0.339735738886822,0.1879049676025918,0.9861554845580405,-1,False,,
38,51.70727353859884,712.8540829986613,2241.0,37.031356732203626,-29.773645721629123,14.965836371362897,0.6129196940259722,0.7600885692626068,0.6029055690072639,0.8547412673412875,0.3691791185950432,0.2454261490406069,0.9050888529886915,-1,False,,
39,794.4560697518444,742.3943661971831,1491.0,39.968212221463396,-32.9526361716546,19.844122687146204,0.6473688288843551,0.8778214696280117,0.7168269230769231,0.7615954434258038,0.37802671775656566,0.18913480885311873,0.9119266055045872,-1,False,,
40,536.7231684238983,393.2189781021898,3699.0,42.02201384484943,-33.10866717639084,18.906645392932386,0.5784974881164351,0.6093687798781712,0.6022468251383915,0.8517501772489378,0.38110470064246244,0.2787239794539065,0.8697390077592287,-1,False,,
41,356.4153553988063,363.46852957135104,3686.0,43.46685441642816,-37.12910814245094,22.700939776562826,0.5631275723961211,0.6955632201967996,0.6419366074538488,0.9095262892936405,0.4215812074880576,0.17471513836136732,0.8452189864709929,-1,False,,
42,655.0092497430627,553.8499486125386,1946.0,42.99982271682346,-35.54580791960753,20.361115815200055,0.6264169535210581,0.8233903591254922,0.6359477124183006,0.8984305078023996,0.4131074222407753,0.21531346351490233,0.9209654519640322,-1,False,,
43,853.4181581516433,485.05466970387243,3073.0,39.165308404844474,-30.737309954332204,16.09799850562978,0.5546369841887893,0.7534294465100755,0.6155849358974359,0.7873326916353073,0.36234012343598004,0.2105434428896843,0.8474903474903475,-1,False,,
44,782.1916807195054,453.5160202360877,1779.0,37.552003109919255,-31.253632107602435,17.510296473370214,0.6773213805320892,0.6217996317567861,0.7261224489795919,0.8302857303398254,0.377820442977742,0.2130410342889264,0.9174832387828777,-1,False,,
45,112.32896764252696,485.8151001540832,1298.0,39.6101769304684,-33.848414958213816,19.13985715917057,0.6487098433125819,0.4558003290574516,0.6882290562036055,0.9131411309418582,0.40956408227399244,0.21648690292758088,0.9192634560906515,-1,False,,
46,785.3031182015953,16.868020304568528,1379.0,31.55893348427864,-25.63544428416673,11.193933269024214,0.638474056077297,0.7369213891899375,0.6437908496732027,0.771695252343137,0.33352888870830333,0.20957215373459026,0.898371335504886,0,True,,
47,662.2311557788945,585.2074659009332,1393.0,28.68191579122539,-24.02156311722283,10.2274947193583,0.6584631597041786,0.8775806235995621,0.8024193548387096,0.947974213029272,0.3414013238820299,0.14501076812634606,0.9330207635632953,-1,False,,
48,799.1101286173633,224.9445337620579,1244.0,35.98972349020484,-25.903362638902056,12.989982076913554,0.5641161398517641,0.893468390865791,0.6588983050847458,0.6662826672603654,0.29935825340318045,0.4147909967845659,0.8411088573360379,0,True,,
49,463.32709151313804,610.8589549984899,3311.0,38.88128358349326,-32.87529893136691,16.899207093698955,0.5155765994374372,0.4943077230321541,0.6960269077149464,0.938616452414044,0.3977522059433484,0.17396556931440654,0.8167242229896399,-1,False,,
50,195.47425897035882,202.55070202808113,641.0,47.649516873891244,-37.84641110217289,23.611561345385397,0.48996052327446254,0.9529547942947176,0.586996336996337,0.8449105049676716,0.4058518268156349,0.31669266770670823,0.8368146214099217,-1,False,,
51,898.7078651685393,750.8584269662921,445.0,34.68637918661537,-29.94036381020913,14.899684725485676,0.432350202453194,0.9789042935869195,0.8725490196078431,0.9398671750272258,0.39531823888923345,0.14157303370786511,0.9528907922912205,-1,False,,
52,905.9647706422019,429.27926605504587,2725.0,33.672418289961165,-30.20844832817558,15.27565935161954,0.5676257753651409,0.8002170823395885,0.6519138755980861,0.8732453108107278,0.4060750600039412,0.07449541284403671,0.8683875079668578,-1,False,,
53,795.8514481469947,521.5954531298661,3211.0,35.03201929427061,-29.075787863579574,14.015418267928572,0.50060948867452,0.7931130115694661,0.6475095785440613,0.797594230073295,0.3675588185964799,0.21706633447524137,0.8578680203045685,-1,False,,
54,910.5669988925803,465.3001107419712,903.0,29.533021124019875,-27.786065389779566,13.575564808451263,0.6608136989587142,0.9022179974836325,0.8551136363636364,0.9427750887532831,0.4364291846521141,0.06755260243632333,0.9465408805031447,-1,False,,
55,956.140613847252,495.9186295503212,1401.0,24.08762922493248,-21.091896203083586,6.716593080583483,0.7411437157854294,0.5715344414395875,0.6768115942028986,0.7677115848624306,0.3373406564346186,0.10992148465381868,0.9284294234592445,-1,False,,
56,782.4747603833866,254.8747603833866,1565.0,27.45136122813496,-22.21244612965505,8.981288275964065,0.5757567762347608,0.6476586880074405,0.6151729559748428,0.7566360245568874,0.3060624611495545,0.25559105431309903,0.8570646221248631,-1,False,,
57,920.2520146520146,493.8212454212454,1365.0,39.92907544025505,-34.19923010564217,20.303564080514782,0.4635311955044882,0.6629508489029865,0.5947712418300654,0.8578064269416935,0.4223653890656464,0.22930402930402927,0.7264502394890899,1,False,,
58,226.70741056218057,527.7538330494037,2348.0,36.901645834201666,-31.590074406562962,16.45302336540162,0.5325616038623998,0.7138635047717895,0.5745045265475899,0.9465071877283782,0.3928285563773963,0.16013628620102216,0.838272045697965,-1,False,,
59,656.5867098865479,611.9870340356564,1234.0,33.47014073935627,-25.757244120815663,11.436874404556288,0.5672979223641621,0.8122316923366675,0.6677489177489178,0.8864415282416769,0.3289504526198104,0.3047001620745543,0.8659649122807017,0,True,,
60,7.102964118564743,565.1965678627145,641.0,33.93891116691445,-29.49278840685904,13.333195234411056,0.5883705283409547,0.9225485243313504,0.8523936170212766,0.9609992892340453,0.3948903978335876,0.04524180967238689,0.9538690476190477,-1,False,,
61,892.7001018329939,344.31924643584523,1964.0,31.318175852361914,-28.133490623544525,14.101910061377971,0.5818191966348629,0.6620444998291345,0.6494708994708994,0.8925469959583399,0.3990688790347192,0.08095723014256617,0.86481726111845,-1,False,,
62,768.4320610687023,717.5778625954199,1310.0,45.50293618435451,-38.69656182185751,23.458349130507834,0.6262990627945463,0.5137344492463816,0.7146753955264593,0.8920701222110341,0.42761237190197443,0.18015267175572514,0.8545335942596216,-1,False,,
63,10.356060606060606,93.44886363636364,1056.0,28.80925193641572,-24.98399388433676,10.781539723314394,0.5437139924630555,0.9077108274382177,0.6620689655172414,0.8748510484724785,0.36185998411030706,0.06344696969696972,0.8627450980392157,-1,False,,
64,568.097670250896,220.21594982078852,1116.0,35.59690829722438,-27.915734433017633,12.160613936181687,0.537426048703258,0.5131943634068122,0.5904761904761905,0.8694886901152177,0.3355795713734069,0.25358422939068104,0.8390977443609022,-1,False,,
65,253.8027108433735,641.0050200803213,1992.0,30.49570633627654,-25.756926798697734,11.69667433298935,0.47517226514132155,0.6856225084529208,0.5220125786163522,0.9252753722141067,0.3415823813741017,0.16917670682730923,0.8327759197324415,-1,False,,
66,85.46337702390132,91.32228218966847,1297.0,34.36658463990425,-27.490600443360005,13.662904410597761,0.5740260745711762,0.45136355795488636,0.6202773792443806,0.813985199747218,0.33588867783388476,0.23747108712413256,0.8471587197909863,-1,False,,
67,527.9325594250968,46.12714206744057,1809.0,38.56734526105911,-32.554346754103456,19.164026403429695,0.5997913793645651,0.7460164961637712,0.6203703703703703,0.8521620850081336,0.4006511153330982,0.2100608070757325,0.8647227533460803,0,True,,
68,4.303867403314917,187.68232044198896,362.0,47.77562951206913,-41.43220683145252,30.719711604466056,0.5290508043000892,0.9688229882008232,0.905,0.8096870869727425,0.4620475141506498,0.17403314917127077,0.9602122015915119,-1,False,,
69,569.8854368932039,431.2614886731392,1545.0,36.25614248502865,-28.635495392821472,13.883214998957934,0.576936512681613,0.5783980393466532,0.5960648148148148,0.877236157530334,0.36216866700249967,0.24142394822006474,0.8419618528610354,-1,False,,
70,286.8186003683241,687.5280847145488,2172.0,39.884477658098085,-32.98011314453581,18.84338065221559,0.5128875672883155,0.6824772965260308,0.6142533936651584,0.8546643466251331,0.39287986563223637,0.2476979742173112,0.8325028746646225,1,False,,
71,268.1404369148462,32.942487739634416,2243.0,38.4375943243238,-32.46027516139678,18.365968418936063,0.43473563496590456,0.7056246253737681,0.5481427174975562,0.848983095896547,0.3921599465152859,0.1952741863575569,0.7681506849315068,-1,False,,
72,847.4108241082411,296.9729397293973,1626.0,39.07389626724413,-28.71496984638613,15.461010395339128,0.5629844051916852,0.5697897776550276,0.6930946291560103,0.7614959985530978,0.3489773591469428,0.2503075030750308,0.8355601233299075,-1,False,,
73,75.54620364920541,54.44202472042378,1699.0,39.92455209389805,-32.162164232578995,19.895593751283858,0.5542536395813945,0.4822455251398353,0.7102842809364549,0.7761030623786866,0.3713685333018376,0.22424955856386108,0.8465371200797209,-1,False,,
74,9.29634831460674,420.60955056179773,712.0,50.728914768664204,-41.53847415417559,27.468458860604972,0.6117047400979262,0.8378814696025659,0.8146453089244852,0.846712106859751,0.42423558166104086,0.3019662921348315,0.884472049689441,-1,False,,
75,832.3493862134088,718.872521246459,1059.0,36.91825804916453,-30.675577495783685,14.458612503824128,0.7248421197741286,0.627175510526569,0.7640692640692641,0.9253436734194571,0.38286332177513605,0.13125590179414537,0.9105760963026656,-1,False,,
76,738.9935304990757,728.0120147874306,1082.0,43.21794073920539,-33.43618647582428,17.42281497223664,0.6432248826998794,0.8386113479110402,0.7772988505747126,0.8731966808493389,0.36802314300358624,0.2939001848428835,0.9009159034138218,-1,False,,
77,62.9539911308204,332.76552106430154,1804.0,44.727175869591385,-39.95360786905194,31.110908796300752,0.5195084521435902,0.6515975302254058,0.5726984126984127,0.7574432172426363,0.473374171580029,0.10033259423503327,0.8107865168539325,-1,False,,
78,933.2823018458198,221.29207383279044,921.0,19.766999967097913,-14.918867134696779,2.6361505933648024,0.5956111632544953,0.7359465074521939,0.7649501661129569,0.43414732935180106,0.19090301446195987,0.40065146579804556,0.8696883852691218,-1,False,,
79,114.27177700348432,454.678281068525,861.0,41.54104653763415,-31.630450469962135,18.0170680617841,0.6036247022584919,0.8086395958312086,0.6522727272727272,0.8434535380578345,0.33450418222656647,0.3252032520325203,0.8326885880077369,0,True,,
80,59.669310071371925,669.5313243457573,1261.0,37.85531319787097,-32.34112602833805,16.23022416175789,0.6244715773111472,0.5485324705006018,0.8114543114543115,0.9229234074856155,0.39400571855309463,0.10626486915146705,0.8867791842475387,-1,False,,
81,28.01981230448384,574.148070907195,959.0,35.84628823207826,-30.241662783739496,16.91306108815122,0.6497971320503617,0.75292455306489,0.7611111111111111,0.8690044895762323,0.3825391278960533,0.13451511991657972,0.8887859128822985,0,True,,
82,728.4743801652893,619.3961432506887,1815.0,23.81767834412007,-20.894957292121088,7.05038150788963,0.5333482580155312,0.8480636156854476,0.5721941992433796,0.9472854128553848,0.3325480110204417,0.09586776859504131,0.8601895734597157,-1,False,,
83,666.404160475483,15.804606240713225,1346.0,30.406652593533956,-25.912189806901075,10.744173797909164,0.5693036855880468,0.7909295873496567,0.6797979797979798,0.9163860910050405,0.3593219402945015,0.10995542347696885,0.8386292834890966,0,True,,
84,819.7116104868913,284.3196004993758,801.0,34.314674968109,-28.879144478123667,17.078275979093558,0.5164712852048443,0.868397043846487,0.644927536231884,0.829513526122817,0.39054054909207847,0.10237203495630465,0.8181818181818182,0,True,,
85,139.58956631049654,584.6989314896292,1591.0,43.51639364280622,-37.86193761686577,24.02208154882567,0.5091191914311741,0.7240620525362572,0.5815058479532164,0.887264353628806,0.4251404543255651,0.16090509113764928,0.8188368502316006,-1,False,,
86,936.943115364168,630.9829877724615,1881.0,32.08487192129148,-25.893642578961533,10.436047437349481,0.538657327902996,0.7592473826872069,0.653125,0.8285972787496069,0.3281803794565637,0.15364167995746947,0.8319327731092437,0,True,,
87,120.38654147104852,360.88341158059467,1278.0,37.698520639233806,-32.09043214915687,18.412189548639912,0.6510939923728575,0.7009062530567195,0.665625,0.8423864119139636,0.4057566429778397,0.15727699530516437,0.8807718814610613,0,True,,
88,87.03622771707879,610.1040828062105,1739.0,30.145789714371173,-25.28507329523912,11.557920747298668,0.4389003584226554,0.7053509212472144,0.6210714285714286,0.8563055873705506,0.35011749851499707,0.1454859114433582,0.7735765124555161,-1,False,,
89,771.9591836734694,485.6326530612245,392.0,32.1483495962052,-29.2292230864022,14.34885146080166,0.6359313614881588,0.8700876763111687,0.5656565656565656,0.9201885895157347,0.4125387448703452,0.08673469387755106,0.9074074074074074,0,True,,
90,72.0,7.435096153846154,416.0,24.563625989849132,-21.978587381457483,7.864668336237784,0.7973497811263616,0.7870354248859208,0.906318082788671,0.9580422043800354,0.3539859694786943,0.007211538461538436,0.9696969696969697,-1,False,,
91,816.9778305621536,642.8875692794933,1263.0,25.838704407378497,-22.764166049856975,8.09388395738166,0.6551985763564376,0.5643364776810751,0.7196581196581197,0.8847561887423386,0.3641084973432672,0.07363420427553447,0.8856942496493688,0,True,,
92,877.2877122877123,182.13086913086914,1001.0,24.935395964510118,-21.57010364651975,7.6817364350152815,0.669671208267052,0.585901480912798,0.7180774748923959,0.8370084460679587,0.3556188034967377,0.13286713286713292,0.8913624220837043,0,True,,
93,48.8960359012715,273.4936424831713,1337.0,29.32089125860842,-23.44787308233644,11.110477533893263,0.5985616497179712,0.6383551231361064,0.6938245978204463,0.7123744734294751,0.3169035439775865,0.17202692595362756,0.859254498714653,0,True,,
94,856.9430379746835,336.9746835443038,632.0,41.34996043904781,-28.32021113163794,12.430372093813984,0.6376968577226005,0.7095534049694934,0.7550776583034647,0.8099317187914932,0.31719646608174035,0.3892405063291139,0.8951841359773371,-1,False,,
95,734.1692677070828,568.2617046818727,833.0,21.762347343794094,-18.69973326035698,4.787555804015815,0.609474403427823,0.8369910471317193,0.6611111111111111,0.9837609474398509,0.3173962408254127,0.11284513805522212,0.8543589743589743,0,True,,
96,493.9009287925697,59.87512899896801,969.0,43.40538156233183,-34.739694269260866,19.009395623117634,0.5935490317491985,0.6219530840115791,0.5726950354609929,0.8932245507205849,0.3980973108111274,0.25180598555211553,0.8745487364620939,1,False,,
97,671.1697860962566,298.51069518716577,748.0,33.93237157608578,-30.49864563777095,15.478539503446724,0.5779180403720815,0.5519853424285875,0.6476190476190476,0.9774394420618042,0.40802674272401446,0.05614973262032086,0.8043010752688172,0,True,,
98,624.7093253968254,508.5029761904762,1008.0,33.92988265395335,-30.539458728422883,15.127331202032577,0.6514849201870608,0.45247684099574953,0.6010733452593918,0.9418051677149912,0.4189461848388116,0.0535714285714286,0.8727272727272727,-1,False,,
99,91.94850669412976,383.00823892893925,971.0,44.55688930499933,-37.145126806109324,21.971664145101112,0.6090826130667646,0.7833179983927111,0.550453514739229,0.8540350073213803,0.40282497455267163,0.184346035015448,0.8654188948306596,0,True,,
100,338.1175858480749,410.46618106139437,961.0,23.77396407217814,-20.09931801950763,5.828907258567332,0.6907223264659539,0.48900439854589667,0.6673611111111111,0.846205678244163,0.31087937623913653,0.18210197710718,0.8865313653136532,-1,False,,
101,633.7704590818363,49.82634730538922,501.0,32.33624897848333,-27.057191053077545,13.653299402191276,0.7060909766909964,0.7843889940676332,0.7116477272727273,0.8544461738444612,0.36356312884185127,0.14970059880239517,0.8789473684210526,0,True,,
102,832.1041388518024,534.69826435247,749.0,38.688257172213014,-32.18834280679849,16.264286614865778,0.6426724128887898,0.5193740590016862,0.6001602564102564,0.9237698089774047,0.3917528222898178,0.17623497997329773,0.8853427895981087,0,True,,
103,6.028225806451613,448.3467741935484,248.0,31.56046060643126,-26.68465125261313,12.56464354541744,0.7574861793424956,0.7450079882074171,0.775,0.8734149954492046,0.3597211291592929,0.1088709677419355,0.9185185185185185,0,True,,
104,812.5571428571428,724.3333333333334,210.0,41.41882487041419,-38.07338112360009,26.322164919521082,0.7704029530531523,0.7390483748026201,0.6140350877192983,0.8769859820604324,0.48057529493456796,0.0714285714285714,0.9251101321585903,-1,False,,
105,95.02142857142857,6.667857142857143,280.0,23.026788007029783,-19.96554329179693,5.957337104544028,0.8239232932712824,0.6739468152129872,0.8333333333333334,0.9521709940263203,0.32975719893085104,0.050000000000000044,0.9523809523809523,-1,False,,
106,528.2458745874587,12.297029702970297,606.0,40.71922254038077,-33.03922042847625,21.30076585004812,0.6152402048347445,0.8431628826569093,0.658695652173913,0.765830109024992,0.38077788889137626,0.24257425742574257,0.9004457652303121,0,True,,
107,997.749494949495,191.29090909090908,495.0,34.35062692935773,-29.192586891365977,14.343418675815256,0.7608220269112159,0.6706275001986577,0.812807881773399,0.9371135450071759,0.3866350695039287,0.15555555555555556,0.9252336448598131,-1,False,,
108,745.763590391909,389.75853350189635,791.0,21.831530714834233,-22.236874994348,9.007788500752348,0.7046542998205807,0.686754566327942,0.6993810786914235,0.9016028720645326,0.42165386569409546,0.024020227560050622,0.8847874720357942,0,True,,
109,320.7384341637011,688.5871886120997,562.0,44.10104041140448,-37.57867158529772,24.691284449206517,0.6709166367494251,0.7413125564330415,0.655011655011655,0.8365708126079994,0.4224199200731792,0.17615658362989328,0.886435331230284,0,True,,
110,153.53927986906712,710.0490998363339,1222.0,29.76165583739105,-24.408274577368513,9.050427324366128,0.447530692676865,0.7710674585509126,0.49056603773584906,0.9318281275794861,0.33979497782873835,0.16857610474631757,0.8028909329829172,0,True,,
111,402.351409978308,238.61605206073753,461.0,39.28451274625226,-28.412692764563527,12.957834257762068,0.7122854177972388,0.7652351789414361,0.7683333333333333,0.8460164544962492,0.32641271225413115,0.40563991323210413,0.9092702169625246,-1,False,,
112,998.6028708133971,219.688995215311,418.0,36.098401096417895,-31.77161879100784,15.738279753419533,0.6614651331639325,0.8436903034568345,0.7096774193548387,0.9786173329826747,0.4113664664149855,0.038277511961722466,0.9047619047619048,0,True,,
113,927.435550935551,542.0956340956341,962.0,37.194720549260545,-31.529219966664712,17.142553008664894,0.618705554105729,0.7560378402843291,0.6896057347670251,0.8374090617263144,0.3835934788054494,0.17983367983367982,0.8658865886588659,0,True,,
114,502.9443155452436,7.547563805104408,431.0,35.10375271689848,-30.270927454307035,15.679946934216783,0.6293267754639404,0.6873342236181138,0.6530303030303031,0.8960959198441694,0.38831827229455007,0.12529002320185612,0.8795918367346939,0,True,,
115,222.29916317991632,8.05439330543933,478.0,23.861402311237626,-20.064382522404433,7.755393422786006,0.6892224883404979,0.732011961690145,0.6897546897546898,0.7886394527292651,0.32491848104980203,0.12761506276150625,0.9122137404580153,0,True,,
116,6.1414342629482075,250.39641434262947,502.0,38.34280443154616,-34.3516752789534,22.25187971650104,0.48384343666237845,0.9300424843734696,0.648578811369509,0.8932954327043784,0.4575855447595338,0.12151394422310757,0.8325041459369817,-1,False,,
117,826.3855243722304,594.622599704579,1354.0,30.302365232383114,-25.919755861907813,10.245212560964363,0.49457626830441304,0.8870004014991462,0.5655806182121972,0.9278134233710332,0.3677951365577241,0.08197932053175772,0.8409937888198757,0,True,,
118,256.00693481276005,741.3245492371706,721.0,30.68268688374142,-26.820253804996106,11.649454434179441,0.554943713313389,0.7621935262646963,0.5885714285714285,0.899651859074459,0.3773967732524244,0.07766990291262132,0.8422897196261683,0,True,,
119,756.2147651006711,343.66442953020135,894.0,23.481644745729152,-22.88502042554274,9.262973078322176,0.5715791632089378,0.43704998538106893,0.49666666666666665,0.9599796047546719,0.41317225554520454,0.030201342281879207,0.8201834862385321,-1,False,,
120,271.6418554476807,533.6537216828478,927.0,24.327679616256955,-21.065069314295013,8.275088571898326,0.6492652739980497,0.8251398585072931,0.6717391304347826,0.9603134105313558,0.33120240103915544,0.07227615965480039,0.8836987607244995,0,True,,
121,865.5775480059084,128.63515509601183,677.0,28.68735401345927,-23.675909476811917,9.168553484129513,0.6536641672449839,0.6220781308726506,0.6908163265306122,0.9000265434978632,0.34453609781105904,0.1388478581979321,0.867948717948718,0,True,,
122,980.7228464419476,191.4681647940075,267.0,39.09669796259303,-34.00698259210895,20.414350578968836,0.7749660414165853,0.8490601438592568,0.8215384615384616,0.8949460706460789,0.4191039552291234,0.1123595505617978,0.9401408450704225,-1,False,,
123,312.94550063371355,438.3231939163498,789.0,30.657993994188,-28.321685925222244,14.540824650010148,0.5724640041437122,0.6773695985566938,0.5603693181818182,0.9503278549859733,0.416373854458181,0.0684410646387833,0.8176165803108808,0,True,,
124,181.51383399209487,89.94861660079052,1012.0,32.68673215252477,-27.31981518286464,13.078125590195608,0.5944751587721238,0.7795652380791971,0.6023809523809524,0.9134701089307725,0.3759183520414377,0.1393280632411067,0.8391376451077943,0,True,,
125,6.7513089005235605,344.72251308900525,382.0,34.68834904801596,-29.955488647488476,16.44889430756219,0.629063257451218,0.8499668995371641,0.7248576850094877,0.8389297467875855,0.38364955765336595,0.11518324607329844,0.8701594533029613,0,True,,
126,665.7439198855508,349.17453505007154,699.0,43.8205332318861,-36.99940737858069,21.633752761713154,0.7017977652728357,0.6112560065612733,0.6852941176470588,0.8986976286116588,0.4262744066583923,0.19456366237482114,0.8848101265822785,-1,False,,
127,157.90061349693252,382.8552147239264,815.0,41.68119968322308,-34.82392734168925,21.166064141394994,0.507994456040652,0.7774670245651683,0.610944527736132,0.8539653372179511,0.4065316209763837,0.1828220858895706,0.7990196078431373,0,True,,
128,909.7217391304348,313.9246376811594,345.0,40.332848702462336,-34.48101405701017,20.163887380557128,0.7634856918495181,0.7886234104231715,0.7247899159663865,0.7765274873678235,0.4024480781369451,0.1855072463768116,0.9324324324324325,0,True,,
129,23.857881136950905,599.2971576227391,387.0,34.84651753078755,-30.609236063233883,20.809631701479777,0.7182690855887016,0.826733969147191,0.780241935483871,0.795484860006537,0.4108437272823519,0.0852713178294574,0.9325301204819277,-1,False,,
130,814.3031988873436,690.221140472879,719.0,23.515814837608968,-20.856718544488736,5.7286331932902295,0.6610326190920737,0.5833777222736638,0.6408199643493762,0.9693026911980254,0.3499275963333784,0.03477051460361613,0.8843788437884379,-1,False,,
131,857.040293040293,391.75457875457874,819.0,38.04438138619373,-31.29906156949803,17.95514183796796,0.5195416092176721,0.7356115972047038,0.5256739409499358,0.875594648031088,0.39290253203066566,0.1855921855921856,0.8013698630136986,0,True,,
132,179.50756533700138,592.2984869325998,727.0,35.59862645441179,-30.347631299230933,14.081424256833623,0.5461756045100369,0.7408894104434646,0.56796875,0.966711114328534,0.3862305939238534,0.13204951856946356,0.8280182232346242,0,True,,
133,959.2021604938271,243.06327160493828,648.0,22.43690747289958,-19.855574481723593,6.609465803996091,0.6493555639227931,0.37140123460015234,0.7448275862068966,0.6580426146586736,0.32605964408463073,0.08179012345679015,0.8628495339547271,-1,False,,
134,121.59615384615384,332.0346153846154,260.0,35.709685712841804,-32.179766455515285,17.751058143795127,0.7007157097884413,0.6207551782980076,0.6220095693779905,0.9535120050494488,0.4297762809464565,0.0461538461538461,0.9090909090909091,0,True,,
135,653.7518796992481,380.3222341568206,931.0,41.83888362892814,-35.339375977113534,20.65082742402225,0.5184093498196433,0.6658440437423558,0.6137112722478576,0.9108831546360389,0.411725953717493,0.17615467239527394,0.7836700336700336,1,False,,
136,544.5169491525423,606.5381355932203,708.0,30.508841657037642,-25.788599244847976,10.433065878746683,0.6130550175507827,0.665681541997931,0.6344086021505376,0.9526949294758592,0.36254077859546485,0.11016949152542377,0.8613138686131386,0,True,,
137,703.5775862068965,7.057471264367816,348.0,44.32526914324125,-35.381417637514886,20.93263620953479,0.630468115633342,0.7764201202111153,0.6214285714285714,0.8554260311541201,0.39296643384571733,0.17816091954022983,0.8854961832061069,0,True,,
138,432.9688041594454,150.07625649913345,577.0,38.692775221047285,-34.01999011087811,18.64920319985427,0.7447727962671117,0.4529650147142655,0.6869047619047619,0.9550942981057192,0.4246175205480288,0.11958405545927209,0.9029733959311425,-1,False,,
139,986.8715789473684,268.09684210526314,475.0,37.86369969970049,-30.129888766157602,15.14559388808183,0.5955594760963668,0.840319370953139,0.8064516129032258,0.8884923068159505,0.37964094561965844,0.2610526315789473,0.8512544802867383,-1,False,,
140,775.4516908212561,359.5217391304348,414.0,30.422828000878884,-29.507308239614776,16.040930511431096,0.8071407350944304,0.6837048509219515,0.7666666666666667,0.940892004304462,0.44756663993792833,0.0748792270531401,0.9303370786516854,0,True,,
141,754.273381294964,651.7290167865707,417.0,32.7914591139686,-27.372564831033152,10.098380357703485,0.6937285161010922,0.5922851638021318,0.553050397877984,0.9954594732474366,0.3592776404224711,0.08153477218225424,0.8669438669438669,0,True,,
142,95.09957924263675,683.4488078541375,713.0,32.54795792643883,-28.585164566090903,14.417363664739137,0.574239731143169,0.5934186978696184,0.6751893939393939,0.8772868726397296,0.385491175818692,0.10378681626928477,0.8233256351039261,0,True,,
143,298.0219435736677,538.4388714733542,638.0,31.53663838557651,-27.58392342371902,13.837807953002896,0.5852003435636487,0.8359561156872232,0.6934782608695652,0.9398576772325091,0.38219080707729797,0.11912225705329149,0.8598382749326146,0,True,,
144,874.6411092985318,540.1794453507341,613.0,36.339206386750426,-30.9437784322078,15.46777264038515,0.6765567092359939,0.6569522193783698,0.6439075630252101,0.9447583985950974,0.38442118768542277,0.08646003262642743,0.8794835007173601,0,True,,
145,60.96823204419889,576.4005524861878,724.0,38.81081547062117,-33.435501525250224,18.947055478915267,0.6032156484142852,0.8326760403158152,0.6033333333333334,0.9214328465705418,0.4060140145500062,0.10773480662983426,0.861904761904762,0,True,,
146,222.784588441331,81.51138353765324,571.0,37.48843888022157,-31.6404726109395,16.692849785072152,0.5302651875274662,0.7216094483873011,0.5947916666666667,0.9035551754167326,0.3880278393626213,0.20665499124343256,0.7832647462277091,0,True,,
147,632.6780238500852,217.8824531516184,587.0,41.9253449931279,-36.956336179689444,20.19738253549402,0.5981098177196672,0.35036208608989927,0.5231729055258467,0.9803894088560718,0.4379063911444081,0.10051107325383302,0.8130193905817175,-1,False,,
148,100.20405405405405,536.522972972973,740.0,33.729445810525,-28.894658197536405,12.862890503505419,0.6059313287459878,0.7763621889466383,0.5409356725146199,0.9676763991246352,0.37396070165811357,0.05675675675675673,0.8418657565415245,0,True,,
149,794.0210970464135,350.457805907173,474.0,26.37071051258185,-22.54771587955999,8.514632778558624,0.6829349452119411,0.6948143876136869,0.6950146627565983,0.948492610127614,0.34352825718778596,0.10548523206751059,0.8810408921933085,0,True,,
150,250.20032573289902,439.214983713355,614.0,34.118188924892976,-30.2676821660525,15.111096068910198,0.6545912865825981,0.8069417255624223,0.655982905982906,0.9525003261403074,0.4020217506742827,0.07328990228013033,0.9096296296296297,0,True,,
151,21.075367647058822,375.6047794117647,544.0,37.79457618364235,-31.87659413338775,17.499257063796946,0.6905333329054371,0.692748464667287,0.671604938271605,0.8617194928776692,0.3959842810735983,0.14154411764705888,0.9051580698835274,0,True,,
152,567.769372693727,55.23616236162361,542.0,41.71963053967251,-33.21363796948757,16.995296626887352,0.5916810791209259,0.6637909741998747,0.6317016317016317,0.8937378040209027,0.3631839968566525,0.2749077490774908,0.8630573248407644,1,False,,
153,713.885433715221,126.52700490998363,611.0,26.361158005186045,-24.277960168038778,11.827346970507506,0.5772944145420681,0.7712876765072755,0.6159274193548387,0.8798339527874649,0.3951838941430694,0.07692307692307687,0.8450899031811895,0,True,,
154,494.8510273972603,555.1352739726027,584.0,28.69338206072407,-27.118147980515907,12.573385070992822,0.5432761457973105,0.6251787600739779,0.6102403343782654,0.9684055321020623,0.4278390111835444,0.05993150684931503,0.7978142076502732,0,True,,
155,946.9049360146253,590.526508226691,547.0,23.234239982473145,-20.05581711461821,6.254127037313815,0.5559897707225058,0.5890261429835942,0.6504161712247325,0.931969215163801,0.34289349407175557,0.11334552102376605,0.7985401459854015,-1,False,,
156,1001.121107266436,600.5363321799308,289.0,32.78295113424635,-28.631113244005395,12.478728886218633,0.7528182158741635,0.8443767379365166,0.7939560439560439,0.9833627148276795,0.39380646752238685,0.0692041522491349,0.9203821656050956,0,True,,
157,811.3645484949833,333.6421404682274,598.0,40.19395175818758,-34.999027692906104,19.94156519700615,0.573512085734787,0.7809270468556909,0.5537037037037037,0.9328240690921062,0.41915833598694274,0.11204013377926425,0.8422535211267606,0,True,,
158,193.6106442577031,376.26610644257704,714.0,25.86188550297223,-22.97641774567738,10.368847096322636,0.4951677033172151,0.8981717068447107,0.5288888888888889,0.7578620300197801,0.35379671847254707,0.08263305322128855,0.8311990686845169,0,True,,
159,882.5132743362832,466.6371681415929,226.0,35.41520590058306,-32.93516677529192,17.807506026830573,0.8006858766424275,0.8397163439866353,0.8560606060606061,0.9824274289133275,0.45453161518790025,0.013274336283185861,0.9456066945606695,-1,False,,
160,595.5530303030303,592.6022727272727,528.0,31.83049246653862,-29.340794543709453,15.505994159515984,0.5922963175671129,0.6256894667871583,0.6346153846153846,0.9562570819574775,0.4243132625847603,0.045454545454545414,0.8262910798122066,0,True,,
161,541.1814223512337,737.7242380261248,689.0,34.661426901669934,-30.18462886587656,13.97795298538897,0.5641711966297103,0.8483003057078741,0.532046332046332,0.9448063490352714,0.3958514577267132,0.10159651669085634,0.8351515151515152,0,True,,
162,739.3960396039604,753.009900990099,101.0,45.32823218213073,-39.204464982099786,21.171266727829213,0.5787781082321795,0.9703007589033827,0.9619047619047619,0.9637235910585611,0.4351546774701317,0.14851485148514854,0.9901960784313726,-1,False,,
163,28.712,45.278666666666666,750.0,30.910048516807468,-27.207763639835576,12.817062977967614,0.5692221614856833,0.8246054845058333,0.6944444444444444,0.9556819055875142,0.3857372127374013,0.03733333333333333,0.8073196986006459,0,True,,
164,852.6971608832807,233.1782334384858,634.0,40.678203117108225,-36.24020163161506,23.891476102001256,0.5576008416866819,0.5372492719525889,0.5650623885918004,0.8778261826711499,0.43946463015659093,0.05993690851735012,0.8076433121019109,-1,False,,
165,26.850877192982455,617.25,456.0,26.392739096896406,-21.99629425910071,6.864746203495803,0.6575009512202239,0.8086917142001514,0.7125,0.90950585516137,0.32333255328826216,0.07894736842105265,0.8820116054158608,0,True,,
166,586.6944444444445,744.1074074074074,540.0,26.400251331099007,-22.5664487968676,7.439219730696035,0.5213864849516858,0.7857974362663931,0.5032618825722274,0.8963138902628863,0.3408485541327132,0.0888888888888889,0.7860262008733624,0,True,,
167,1000.5797101449275,156.51207729468598,207.0,40.70739865824053,-34.967388600662304,18.263070572875527,0.6964938556184229,0.8670398064860829,0.5880681818181818,0.964301998488569,0.4209334902141405,0.17391304347826086,0.8922413793103449,0,True,,
168,314.36486486486484,416.4234234234234,222.0,40.12470960603705,-35.663183741025364,19.289388187925404,0.7247636973884629,0.44336372856853973,0.6851851851851852,0.9718037846389117,0.4395319583850938,0.10360360360360366,0.8809523809523809,-1,False,,
169,1001.6533864541833,691.589641434263,251.0,17.1984792275281,-15.025369404316121,1.6012854841661732,0.6054494298773726,0.758518723084265,0.6640211640211641,0.743401595795772,0.30209474503044115,0.0677290836653387,0.8595890410958904,0,True,,
170,228.0018587360595,705.5520446096655,538.0,30.033047081592642,-25.260724884005946,11.404666160536758,0.5914823157979832,0.7758138778756204,0.6085972850678733,0.8497780701041665,0.3465791976141664,0.12453531598513012,0.8499210110584519,0,True,,
171,827.1451612903226,235.83467741935485,248.0,40.94730044158184,-33.20067466239267,20.947980650728542,0.7012816519901692,0.8096804284624078,0.6342710997442456,0.8433541629102922,0.40160760689046116,0.2338709677419355,0.8794326241134752,0,True,,
172,503.9076600209864,152.13850996852045,953.0,37.56523451882574,-31.043597912880724,16.29246265204349,0.4711029450318288,0.8184152233873141,0.5989943431803897,0.8981734132247606,0.3941970906940612,0.1888772298006296,0.7747967479674797,0,True,,
173,413.9281914893617,254.2340425531915,376.0,19.48205714476549,-16.62543639286449,3.313811939989205,0.5377083016386184,0.8112439175267325,0.4665012406947891,0.7812280348561546,0.31082686379631147,0.08510638297872342,0.8017057569296375,-1,False,,
174,196.84,423.41473684210524,475.0,36.792284527230215,-32.3207730097003,18.238971308555143,0.6848968241877333,0.7495599216509389,0.7037037037037037,0.9374807764981923,0.415841454455727,0.10526315789473684,0.8979206049149339,0,True,,
175,398.36170212765956,734.0127659574468,470.0,32.32875762607695,-28.377308980892444,12.311805052356524,0.6257248592173734,0.7013788508076707,0.6025641025641025,0.9747198438390773,0.3869538203832951,0.07234042553191489,0.852994555353902,0,True,,
176,655.1472602739726,748.3253424657535,292.0,33.81853473277562,-31.21781757281007,18.885309191947027,0.6503782176040206,0.8488282700551282,0.5692007797270955,0.9301089439285944,0.4534923761878928,0.1095890410958904,0.9240506329113924,0,True,,
177,692.0773694390716,63.704061895551256,517.0,31.920901657849207,-27.71235830954188,12.881869918776557,0.6535369960557573,0.6735406393899641,0.5770089285714286,0.9567804795399856,0.3722638106496007,0.06769825918762085,0.8447712418300654,0,True,,
178,685.9474940334129,211.84964200477327,419.0,25.590116823878805,-22.868572436536024,10.324965420454832,0.7186159585884545,0.5105014151786529,0.7325174825174825,0.8851004267791575,0.38990733299519964,0.12649164677804292,0.8895966029723992,-1,False,,
179,696.6536697247707,254.22706422018348,436.0,33.26458427686958,-26.598860285494883,12.817695748968138,0.6675123826631202,0.5649910510768655,0.6488095238095238,0.8940929769786126,0.33031329891960554,0.20871559633027525,0.8582677165354331,0,True,,
180,600.4277777777778,554.0155555555556,900.0,24.98743665784915,-21.83358682615407,8.142175710543308,0.4478240028727383,0.906470028237936,0.5278592375366569,0.958397031724453,0.3486613671316041,0.14222222222222225,0.7718696397941681,0,True,,
181,987.2320328542095,561.0143737166325,487.0,30.72171921934152,-25.958739375437652,10.744957507885077,0.5545172940437172,0.6286223870166184,0.5636574074074074,0.9325858162413877,0.36828421885472795,0.11704312114989734,0.7944535073409462,0,True,,
182,759.9695238095238,602.192380952381,525.0,28.647704492073,-25.123914452215327,9.012305539275063,0.610998811928691,0.7354741653490516,0.5839822024471635,0.9586332020305451,0.3757104361483029,0.0780952380952381,0.8306962025316456,0,True,,
183,350.54009433962267,684.6108490566038,424.0,31.253956983189028,-27.775167728869288,13.681214792989746,0.6626597723733254,0.5866355183183586,0.5848275862068966,0.8980062636283209,0.3882936601228309,0.07311320754716977,0.8565656565656565,0,True,,
184,706.7477797513321,736.1776198934281,563.0,50.195478665127105,-42.21464695063867,24.99641541778972,0.55353839013831,0.7417828379691089,0.473109243697479,0.9303177891573728,0.44141209956595995,0.1900532859680284,0.8031383737517832,-1,False,,
185,589.8566176470588,65.99632352941177,272.0,27.432645421699277,-24.00634706454185,10.141093855707787,0.7249930445124655,0.7346408362322426,0.7083333333333334,0.941670211360735,0.3586742648416582,0.05882352941176472,0.8859934853420195,0,True,,
186,468.7020872865275,740.5882352941177,527.0,25.73139153444262,-22.664818424388848,8.785618233241504,0.6025059144310265,0.7715640485672606,0.5483870967741935,0.9455682323711873,0.3520396920999042,0.06451612903225812,0.8325434439178515,0,True,,
187,82.20997375328083,745.6482939632546,381.0,42.58795940134617,-35.73473228523701,18.32341922815976,0.599167823321871,0.7631043558304046,0.6803571428571429,0.9531468438507691,0.4090197556444353,0.1627296587926509,0.8318777292576419,0,True,,
188,855.7550432276657,446.0403458213257,347.0,17.284159452169636,-15.262791953419264,1.2589509737698297,0.7171501399801166,0.797931056143954,0.6522556390977443,0.814120835632687,0.30604919563624633,0.023054755043227626,0.896640826873385,0,True,,
189,208.20439560439561,250.4,455.0,33.63745233874032,-29.29151525833518,15.9131669790371,0.535922032753364,0.8594651304077318,0.5303030303030303,0.9236684348557022,0.39695676335921654,0.09230769230769231,0.7899305555555556,0,True,,
190,773.3088235294117,314.9768907563025,476.0,13.183982639046203,-11.184067967032565,-0.43618340695229346,0.5934383496334168,0.6473305466699614,0.6102564102564103,0.5241391460935608,0.2591173663586691,0.07773109243697474,0.8321678321678322,-1,False,,
191,49.263279445727484,402.24942263279445,433.0,32.29353972023675,-27.758322706125405,14.057300409850928,0.648021001329838,0.7852625244075003,0.6168091168091168,0.8502617302860453,0.3668959555119345,0.10854503464203236,0.8712273641851107,0,True,,
192,710.8859060402684,580.496644295302,298.0,35.78034505988695,-32.58204914459479,17.655425847262407,0.8612186322367142,0.5657348725582866,0.6772727272727272,0.9843242266434151,0.42731706453049745,0.07046979865771807,0.9400630914826499,-1,False,,
193,502.2158273381295,100.91187050359713,556.0,32.80051146520593,-25.484457788098908,10.41326435468097,0.4351692757871726,0.8373283594632218,0.5045372050816697,0.9248120974240114,0.3301629650962653,0.21762589928057552,0.7344782034346103,0,True,,
194,450.1322869955157,371.00896860986546,446.0,41.19398717520219,-36.81155870105517,23.25805797776419,0.5971878205743538,0.7870348700775163,0.5126436781609195,0.927934453693206,0.4475917667484604,0.0829596412556054,0.8352059925093633,0,True,,
195,150.04771371769382,426.3876739562624,503.0,28.66168912903251,-24.315657739917334,10.046800106885827,0.6147915611784163,0.8166567875365052,0.5408602150537635,0.904606255397171,0.3461312077658077,0.08946322067594437,0.8672413793103448,0,True,,
196,166.92511013215858,485.15859030837004,454.0,19.871687819634726,-16.784869610330677,2.757633298548054,0.6365751796175501,0.6860859827589487,0.6005291005291006,0.9814263345911639,0.29262284409369665,0.07929515418502198,0.8566037735849057,-1,False,,
197,972.2688172043011,537.5290322580645,465.0,28.50682934970074,-25.555015523551642,10.791793378792839,0.7162064114082666,0.7438585024011692,0.6521739130434783,0.8538565390212561,0.3762917375372302,0.021505376344086002,0.8959537572254336,0,True,,
198,28.508438818565402,316.01476793248946,474.0,47.11407372364346,-41.18583296585532,32.98295884855949,0.6374018598198574,0.7755416130113453,0.7523809523809524,0.7698926975015347,0.47136063509098086,0.11181434599156115,0.8745387453874539,-1,False,,
199,725.3432835820895,379.9154228855721,201.0,15.931601429031344,-15.752221961143139,3.0645292505523805,0.7876847132032523,0.7637323206759471,0.6836734693877551,0.7291753051885917,0.3441926749117339,0.014925373134328401,0.8973214285714286,0,True,,
200,275.45932203389833,404.8847457627119,590.0,35.85396956110573,-33.36659282847424,20.215723910584536,0.44873643227128956,0.8364709988307242,0.4097222222222222,0.922517433358451,0.45768957744210453,0.06271186440677967,0.7793923381770145,0,True,,
201,185.76767676767676,450.77272727272725,594.0,28.504714278702092,-24.12268262430708,10.988759394726017,0.50823400685625,0.7120160082042732,0.532258064516129,0.8979862631872447,0.33816021610590746,0.13636363636363635,0.7704280155642024,-1,False,,
202,850.3173913043478,545.491304347826,230.0,44.148198880159505,-34.68899630138858,17.501865987240926,0.8339668297205081,0.6777182563485796,0.7516339869281046,0.8665907627862433,0.37575715741385585,0.27826086956521734,0.9504132231404959,-1,False,,
203,425.67808219178085,571.9914383561644,584.0,37.40455665953484,-31.780756567440587,15.69631989151776,0.5766581080089518,0.8723445244558763,0.6862514688601645,0.9681421227957288,0.3861697518764293,0.13013698630136983,0.8575624082232012,0,True,,
204,625.4579945799458,648.2574525745257,738.0,19.61448284453652,-16.496741844176704,4.050169835801608,0.40438315162437455,0.2802364059548812,0.46125,0.9789453150860985,0.289904865963753,0.20731707317073167,0.7158098933074685,-1,False,,
205,204.2264631043257,711.5089058524173,393.0,28.380281105001497,-26.047083724359503,10.90051884763918,0.6611644571450247,0.8523072682464509,0.5646551724137931,0.9078061632224318,0.40000332021758755,0.04580152671755722,0.8772321428571429,0,True,,
206,144.6595041322314,86.6396694214876,605.0,33.1860172512727,-26.435693991812855,10.424628865167836,0.507485815340449,0.8341419274139418,0.5349248452696729,0.928835602289389,0.3303237487400366,0.1900826446280992,0.8220108695652174,0,True,,
207,933.1174089068826,271.09716599190284,247.0,16.579147064683937,-15.447875599660708,2.9882980344039836,0.660974179588259,0.8650035541750344,0.6175,0.7270118089822623,0.30796515020854803,0.04453441295546556,0.8790035587188612,0,True,,
208,847.811320754717,639.1547169811321,265.0,33.20430992848929,-26.986343655749042,10.574109969357062,0.65850855495778,0.7541645509964187,0.6691919191919192,0.9338940106472879,0.34393499144968,0.13207547169811318,0.8412698412698413,0,True,,
209,322.83565459610026,714.6044568245126,359.0,19.034681032398478,-17.41707035417977,4.432963920746593,0.5930333512445508,0.7627382176489642,0.5523076923076923,0.992061490966085,0.3252892217347217,0.058495821727019504,0.7960088691796009,0,True,,
210,433.03921568627453,170.83137254901962,255.0,32.74928060886202,-29.660060586617682,16.277997736214108,0.6203746705686937,0.798133830862805,0.625,0.94022698227097,0.416881876541119,0.0980392156862745,0.8528428093645485,0,True,,
211,874.394495412844,235.6743119266055,218.0,42.202594644760445,-36.513802910006,22.171800708565083,0.6679463727155448,0.7297849000612675,0.692063492063492,0.9083764056820388,0.43170370011154663,0.19266055045871555,0.8685258964143426,-1,False,,
212,661.3224755700326,239.85993485342019,307.0,31.971707664220265,-25.73068393656159,11.327555501057692,0.6005654488988632,0.795571537000396,0.6316872427983539,0.7202293517535207,0.3400160977889932,0.25732899022801303,0.8297297297297297,0,True,,
213,663.7286821705426,320.1666666666667,258.0,30.37696877468981,-24.97366176863129,10.305081144329305,0.7663845297083213,0.7489473721191555,0.7166666666666667,0.9592983941006106,0.34357019051793936,0.16666666666666663,0.8927335640138409,0,True,,
214,424.23035230352303,430.390243902439,369.0,21.41698433207054,-19.130172012653418,5.6893245521176015,0.6596708038106476,0.762391339673009,0.6451048951048951,0.7630716136639034,0.3380638481922912,0.046070460704607075,0.8806682577565632,0,True,,
215,290.1489361702128,438.0159574468085,188.0,45.202530793288396,-38.12298847123721,25.79214149993539,0.7313803072267101,0.8230299192547315,0.7121212121212122,0.8515408896702401,0.4344447557120881,0.24468085106382975,0.9038461538461539,-1,False,,
216,576.1484716157205,511.4912663755459,458.0,33.88895522953124,-30.28461135076677,14.891687124373629,0.5797816279857202,0.8329404122223694,0.5871794871794872,0.9854767893859914,0.39545692422114087,0.0786026200873362,0.8237410071942446,0,True,,
217,568.3897058823529,549.7077205882352,544.0,35.827340281842744,-31.234834936155895,15.965708166769746,0.5208084085469046,0.9039269986285239,0.48099027409372236,0.9668136025395464,0.3971235983292846,0.09375,0.8229954614220878,0,True,,
218,809.889502762431,667.4585635359116,181.0,14.693655340731311,-11.760923634414398,-0.5308479285091116,0.8106236408488052,0.7464088904600243,0.793859649122807,0.522352399747016,0.23537940198545299,0.2154696132596685,0.9187817258883249,-1,False,,
219,235.7456647398844,676.5375722543353,346.0,39.691672243915605,-32.86906082231804,17.52094330453039,0.5706283112134845,0.5205636556745123,0.6290909090909091,0.926199757208714,0.38144317833502167,0.20809248554913296,0.8046511627906977,-1,False,,
220,1004.6564885496183,260.6412213740458,131.0,46.514851137792476,-37.37002144054991,23.064688378034518,0.5420931252085427,0.9693488490062607,0.8733333333333333,0.8429681736094351,0.42158095356617264,0.26717557251908397,0.9492753623188406,-1,False,,
221,278.0,453.62652705061083,573.0,36.898160842650285,-31.137879913277548,16.799918055241022,0.4885947481197174,0.8173304468663619,0.528110599078341,0.9279167705181381,0.3858361938548962,0.15706806282722519,0.7701612903225806,0,True,,
222,182.73333333333332,747.5824561403509,285.0,27.58594079100691,-22.863061573741145,8.668541176597092,0.577215475531584,0.8252483101892443,0.521978021978022,0.9383635738439727,0.3142954249131052,0.052631578947368474,0.8558558558558559,0,True,,
223,195.93525179856115,3.402877697841727,139.0,21.450793519851853,-19.727587668182334,6.6352863012026795,0.6225231275026738,0.8388749852710728,0.6017316017316018,0.9145157144224043,0.36462154266216773,0.08633093525179858,0.879746835443038,0,True,,
224,380.06843267108167,483.4591611479029,453.0,44.37427171481033,-39.48581999588718,24.35209697415066,0.5790081899883472,0.8839894595478304,0.5243055555555556,0.9409285571927792,0.4563407091707583,0.08609271523178808,0.849906191369606,-1,False,,
225,1003.5901639344262,551.5245901639345,122.0,31.90879584793212,-25.85152687752268,8.645770168509626,0.8081030632298589,0.832461801979729,0.7530864197530864,0.9915877355903876,0.3381373576942037,0.05737704918032782,0.953125,0,True,,
226,316.74468085106383,551.4574468085107,282.0,31.0321493546811,-25.250583824933525,10.325072975493883,0.5540289421931346,0.8067958529805775,0.6130434782608696,0.9598655615081179,0.3344172388315201,0.17730496453900713,0.7966101694915254,0,True,,
227,540.4852941176471,668.6887254901961,408.0,45.00530292555378,-40.116732332013854,27.562808288538406,0.5431824309801879,0.8308539011004872,0.4533333333333333,0.88361796912025,0.46124668156399445,0.07843137254901966,0.8176352705410822,-1,False,,
228,990.82056892779,727.4485776805252,457.0,15.439509804516014,-12.677431726172571,-0.27524909992288743,0.574481246427758,0.8141937331344716,0.5100446428571429,0.3640604182197437,0.24850825909565913,0.16630196936542674,0.836996336996337,0,True,,
229,315.68,4.32,200.0,42.054015321863254,-34.77296786585718,22.60472524958009,0.5848040074293877,0.9217791169553509,0.6666666666666666,0.8621095013618469,0.40758598819375036,0.14500000000000002,0.8810572687224669,0,True,,
230,141.38144329896906,10.8840206185567,388.0,27.46607529545567,-22.462300286629674,8.118263342374632,0.5239979628684913,0.9268793985407031,0.485,0.8591222097117877,0.32230292523721443,0.08505154639175261,0.8344086021505376,0,True,,
231,57.94358974358974,300.6820512820513,195.0,30.730376130115037,-26.20142189057,13.390227231653382,0.8284947909948563,0.49540363056945,0.819327731092437,0.7959012743754265,0.36548228968794527,0.1384615384615384,0.9154929577464789,-1,False,,
232,621.4246153846154,379.4923076923077,325.0,40.91942273615208,-35.986971209511346,20.646663135807504,0.6825156857908068,0.7274324748122947,0.5909090909090909,0.9014983433943529,0.4248106636909338,0.11384615384615382,0.8530183727034121,0,True,,
233,215.43298969072166,418.159793814433,194.0,36.299962618394304,-32.12141560013554,17.03513295959429,0.7447646652672748,0.7166569651298798,0.7698412698412699,0.8955665519557048,0.40753390793640587,0.05670103092783507,0.8940092165898618,0,True,,
234,159.2278911564626,513.6853741496599,588.0,32.89477276123555,-27.574323069298064,12.542920462644311,0.4338527921342627,0.7759584213073556,0.5404411764705882,0.9445771502495623,0.35014356931253354,0.12585034013605445,0.7386934673366834,0,True,,
235,922.141975308642,581.5648148148148,324.0,26.43851001214485,-25.95639536771117,10.9877178351283,0.6660728019812315,0.6689030367944454,0.6136363636363636,0.9905465281120053,0.45243609402282736,0.03703703703703709,0.8459530026109661,0,True,,
236,892.3099273607749,620.0823244552058,413.0,31.85617112459274,-29.005019786750708,13.756592093145395,0.6509545859077406,0.8738450141428288,0.5696551724137932,0.9360628770280981,0.41368418441269067,0.041162227602905554,0.8805970149253731,0,True,,
237,662.5336426914154,667.7285382830627,431.0,23.996197021092136,-20.94476799827402,8.247014984018763,0.5497734964654429,0.8021419600764091,0.5525641025641026,0.8591049576303522,0.3394004492707153,0.09048723897911837,0.8071161048689138,0,True,,
238,636.2486338797814,734.3989071038251,366.0,36.75320491290789,-34.57140775167591,22.893673923970375,0.5327828620325084,0.7285473496027509,0.5446428571428571,0.8973936491488107,0.4780980782593534,0.06557377049180324,0.7803837953091685,0,True,,
239,444.0501253132832,102.62155388471177,399.0,25.60035826468327,-20.727635446743037,7.385144290366381,0.516067001386631,0.7556014515891462,0.4925925925925926,0.9239332117980584,0.30756528894031854,0.09523809523809523,0.76,0,True,,
240,398.46478873239437,308.1619718309859,284.0,32.51089132574729,-29.451899372155374,16.09598508014142,0.6888819913651995,0.6004089244173713,0.6454545454545455,0.9292118485334894,0.4206467796589287,0.08098591549295775,0.8528528528528528,0,True,,
241,406.18509615384613,329.36538461538464,416.0,31.75743415031578,-27.608268694888004,11.89407661536696,0.5407136311457855,0.7876735213915591,0.5333333333333333,0.9619906773933997,0.3856242964975536,0.07932692307692313,0.7703703703703704,0,True,,
242,263.07261724659605,355.92284417549166,661.0,31.29732157414923,-27.256434180845883,12.308932291616507,0.400441661730842,0.8819063527618147,0.4789855072463768,0.9317399159231633,0.3796127915562732,0.09531013615733741,0.706951871657754,0,True,,
243,293.9126436781609,366.4574712643678,435.0,31.45377345123951,-27.542942182943996,13.207388278572017,0.4616916876504312,0.5581829742565849,0.4838709677419355,0.9410571833451589,0.3763899291897642,0.07816091954022986,0.7347972972972973,-1,False,,
244,25.264492753623188,395.34420289855075,276.0,36.02411973882718,-29.40815184889966,15.701767138829767,0.6320482686926576,0.8326055954195379,0.7076923076923077,0.857036685868018,0.38543708290418854,0.18478260869565222,0.8598130841121495,0,True,,
245,848.8939393939394,561.3068181818181,264.0,25.506810700032556,-20.356120015607285,4.641920458308029,0.6781855895913275,0.760868981101085,0.704,0.8498598976117192,0.3082605169973139,0.09469696969696972,0.882943143812709,0,True,,
246,364.014440433213,647.9277978339351,277.0,28.835863485294894,-25.486630855875923,9.862923960544961,0.7487341825701831,0.6555824852005604,0.6690821256038647,0.9684883041932695,0.3761004878725816,0.07581227436823101,0.8849840255591054,0,True,,
247,966.3363363363363,658.6216216216217,333.0,22.988770252495264,-18.977388559816234,4.1133516579634595,0.5575479715009302,0.5997023472195109,0.5336538461538461,0.9082436190174149,0.3150804568607886,0.07207207207207211,0.7928571428571428,-1,False,,
248,728.4628099173553,3.2231404958677685,121.0,53.188710140340596,-45.60303467104834,29.033283811532467,0.6902414824492221,0.8380132070934024,0.605,0.9342980737035925,0.44204990381051684,0.06611570247933884,0.8768115942028986,-1,False,,
249,602.8433048433048,407.0769230769231,351.0,37.71068226103274,-33.77809891184011,18.772983049761745,0.6117613406903373,0.8101841845925593,0.5571428571428572,0.9672755883460031,0.4290598522648852,0.042735042735042694,0.8397129186602871,0,True,,
250,312.7659574468085,750.9716312056737,141.0,35.419743739699925,-30.315557753888488,14.736440838679545,0.7822817497784573,0.8348658233613484,0.6746411483253588,0.9608597516590822,0.38696384472204437,0.028368794326241176,0.9463087248322147,0,True,,
251,173.04964539007094,3.1773049645390072,141.0,28.832831510946797,-24.66273313460659,10.099126423317841,0.5089032261050271,0.8767256050553986,0.5340909090909091,0.8268084069515796,0.3831793421760519,0.07092198581560283,0.844311377245509,0,True,,
252,132.0640668523677,38.729805013927574,359.0,32.6338388492936,-27.773432946418666,11.554387856892104,0.5644932042418789,0.9191256656454203,0.49449035812672176,0.7966706878959634,0.36308378545686726,0.02228412256267409,0.8734793187347932,0,True,,
253,458.03169014084506,169.08802816901408,284.0,31.724845248193752,-27.570543493616057,14.338292713754006,0.6694797019552943,0.7732527146847874,0.6068376068376068,0.8877232684425904,0.38062733385554504,0.09859154929577463,0.8632218844984803,0,True,,
254,520.5267857142857,206.97098214285714,448.0,28.482410451153356,-23.930289036267645,10.537984836766784,0.5071360902693401,0.9038259286776185,0.6372688477951636,0.810909123159945,0.33806324074976146,0.1540178571428571,0.7901234567901234,-1,False,,
255,666.0522088353414,210.56626506024097,249.0,33.35709614898985,-29.362149637979055,15.552392934280322,0.6792861729336979,0.5949686855119922,0.6368286445012787,0.9324238252448269,0.41281400872282237,0.09236947791164662,0.8469387755102041,0,True,,
256,693.6633165829146,272.05527638190955,199.0,51.46983202784679,-41.951690083057414,24.17597062538084,0.656922206427898,0.7523277978932961,0.6317460317460317,0.9206610467266197,0.40714902614229287,0.27135678391959794,0.8291666666666667,-1,False,,
257,472.08385093167703,283.1521739130435,322.0,12.892967099879742,-11.683333491646515,0.43671321660510154,0.6636664282975673,0.7829880766100812,0.5476190476190477,0.8055887224141115,0.2740219748631027,0.037267080745341574,0.8563829787234043,-1,False,,
258,632.4375,352.340625,320.0,34.496775254474166,-30.97136487906845,16.21153649192547,0.5767839418859185,0.845317791947314,0.5714285714285714,0.9686416873708368,0.4167615417391062,0.025000000000000022,0.8488063660477454,0,True,,
259,3.19811320754717,385.91509433962267,106.0,38.42040583482195,-33.13460579138795,17.193216210648192,0.7739762766288569,0.8582243381021993,0.7794117647058824,0.8264317872389307,0.3894268490444377,0.1132075471698113,0.9380530973451328,-1,False,,
260,936.6988847583643,412.29739776951675,269.0,33.3378773105377,-27.75333440797442,11.854138161318676,0.6275929219429336,0.8318436797767252,0.6466346153846154,0.895771606593327,0.3603013528988707,0.10780669144981414,0.8432601880877743,0,True,,
261,521.2947368421053,470.04561403508774,285.0,20.788195112096417,-19.38001882835368,5.228370892336302,0.5531892303693794,0.8661100568501577,0.5459770114942529,0.9951241773471498,0.3567742991865727,0.05964912280701751,0.8213256484149856,0,True,,
262,252.5742574257426,483.8283828382838,303.0,34.97481165080976,-33.13600677683735,19.130290675009377,0.6419977528864631,0.8972539020057877,0.5611111111111111,0.9816012803477423,0.46396272435243374,0.01980198019801982,0.8782608695652174,0,True,,
263,553.6635514018692,512.7040498442368,321.0,15.76673756869612,-15.068712114414312,2.2029640502997903,0.5917657100384365,0.7092998779421282,0.6114285714285714,0.8212804099852422,0.3316283148025798,0.06853582554517135,0.8065326633165829,-1,False,,
264,143.27164179104477,531.4268656716417,335.0,35.3446824002633,-29.81734726285773,15.519744947119431,0.6452965100917256,0.5940140860946275,0.5815972222222222,0.928843710716091,0.39894287454992977,0.10447761194029848,0.8292079207920792,0,True,,
265,416.96835443037975,540.4588607594936,316.0,36.22117522378695,-30.315259556107915,13.631819042996845,0.43542481096682883,0.8895290905828255,0.41798941798941797,0.9745329573184629,0.3707974599792233,0.15506329113924056,0.7523809523809524,0,True,,
266,338.6031331592689,580.107049608355,383.0,36.74012520606178,-32.31919334663407,17.219904214914894,0.5063162941063156,0.8732031618404686,0.5364145658263305,0.93419618410479,0.40564369754598284,0.09138381201044388,0.7768762677484787,0,True,,
267,52.7797833935018,611.6570397111914,277.0,33.74779200920161,-29.25978005165332,13.313563836962889,0.7331295108903342,0.7807771965527396,0.6295454545454545,0.9783733278405365,0.38449135374291277,0.0577617328519856,0.9022801302931596,0,True,,
268,593.4786324786324,631.207264957265,468.0,33.91241152605064,-30.426787865850795,15.336126367540214,0.5030988485237627,0.9180555296429247,0.6023166023166023,0.9807780938398125,0.4079932778691634,0.05982905982905984,0.7905405405405406,0,True,,
269,452.6085972850679,672.052036199095,442.0,32.21299706887804,-28.196540127741045,13.171732733446879,0.507960595757445,0.8186570318297224,0.5,0.97119088639501,0.3834393793776025,0.11764705882352944,0.7823008849557522,0,True,,
270,988.4347826086956,688.8322981366459,161.0,32.69607803432496,-28.390708900464453,12.368059214714883,0.7969610020679102,0.6448400630350073,0.7740384615384616,0.9833988680602601,0.3832830204541639,0.037267080745341574,0.8895027624309392,0,True,,
271,356.75348837209305,701.7581395348838,215.0,33.583269502707196,-30.991593759117322,16.464375437467513,0.7546483837588644,0.7889246306016696,0.7312925170068028,0.9454842670019283,0.4427176520574925,0.09302325581395354,0.9071729957805907,0,True,,
272,657.5574162679426,706.9688995215311,418.0,31.214047718965478,-28.168952573568138,12.391774257625235,0.4619011537754078,0.797466244234212,0.4553376906318083,0.9850264560948149,0.41399978447046004,0.0717703349282297,0.774074074074074,0,True,,
273,625.5277777777778,749.1888888888889,180.0,32.757539941489135,-29.03954041335133,13.339643475006888,0.8824921044142333,0.6607053188000264,0.7142857142857143,0.9808219638135698,0.3992174798415767,0.09444444444444444,0.9625668449197861,0,True,,
274,742.9815498154982,308.0110701107011,271.0,29.02251040480136,-26.870751732143464,11.769206616639618,0.7079773381526464,0.6866055017470422,0.6843434343434344,0.9549499309150935,0.41326991914053246,0.022140221402214055,0.8685897435897436,0,True,,
275,215.82246376811594,336.5652173913044,276.0,27.003274637254453,-22.937028054437437,8.985713859155602,0.5997171491415698,0.695526353439451,0.5476190476190477,0.875838421177173,0.345832925532823,0.0905797101449275,0.8288288288288288,0,True,,
276,367.98880597014926,595.7723880597015,268.0,40.96896197825762,-36.74827838656424,19.979593434317348,0.6217458164180901,0.7253348181426962,0.5537190082644629,0.9842236569123481,0.4531327357043081,0.06716417910447758,0.8246153846153846,0,True,,
277,486.5515695067265,644.7757847533633,223.0,46.40024147600332,-41.55340034910964,24.949016694721404,0.660972422473574,0.8342500537631067,0.6059782608695652,0.9679057480508436,0.4731370846786841,0.0717488789237668,0.832089552238806,-1,False,,
278,482.6666666666667,177.46031746031747,315.0,31.461403451503557,-25.94043757941431,11.135801029392173,0.4362609781928189,0.7535777750926445,0.43448275862068964,0.9390440702438354,0.3448713065612884,0.12698412698412698,0.7046979865771812,0,True,,
279,903.1517241379311,288.2758620689655,290.0,9.732542635214317,-7.813857400267174,-3.2869052865769555,0.5716892891824917,0.5847573140748223,0.5492424242424242,0.2972274700115467,0.1892494934354106,0.18620689655172418,0.8123249299719888,-1,False,,
280,181.75933609958506,525.2365145228216,241.0,30.61950491079023,-24.578460902264368,11.47314632656513,0.7721432984594075,0.6387618199335204,0.7046783625730995,0.8651329546053874,0.33054663908679455,0.23236514522821572,0.895910780669145,0,True,,
281,340.5642857142857,535.3071428571428,280.0,25.36025337219084,-20.56742859650439,8.397899218814299,0.6128842337350349,0.7855046855084102,0.6481481481481481,0.8690499447286129,0.32351998112031394,0.20714285714285718,0.8163265306122449,0,True,,
282,592.7891373801917,676.8402555910543,313.0,24.193517441932133,-22.476902259550886,8.532394433745408,0.6132968040612388,0.9185231257854274,0.5081168831168831,0.9908638853615466,0.373029571609756,0.006389776357827448,0.8942857142857142,0,True,,
283,707.9311163895487,39.427553444180525,421.0,47.148451467446066,-40.143436381805955,24.583361265539654,0.48001633873028426,0.8248966833083481,0.5798898071625345,0.9096770226389099,0.4235413003704044,0.17577197149643708,0.7668488160291439,-1,False,,
284,828.4845814977973,169.48458149779736,227.0,23.880808125796054,-20.912911428744042,6.643087930951064,0.7939368038008212,0.7146895104973775,0.6358543417366946,0.8727258502911891,0.34365398518839596,0.07048458149779735,0.8901960784313725,0,True,,
285,3.6228070175438596,280.79824561403507,114.0,44.77861463921169,-35.062613884347726,20.397943235056907,0.8066434924124899,0.7871408764007222,0.7125,0.734654284360116,0.35886114482816894,0.3421052631578947,0.9193548387096774,-1,False,,
286,924.3777777777777,367.63703703703703,135.0,21.275066970116292,-21.005597514779364,8.191037372517755,0.7174328032098962,0.838423092946534,0.6026785714285714,0.9266278867368345,0.39796109861797757,0.022222222222222254,0.8766233766233766,0,True,,
287,459.8738738738739,422.2522522522523,222.0,16.40255053746783,-15.351765462862533,2.270164519626558,0.6771929750861946,0.7812636244715577,0.555,0.9798941239043399,0.3374788604072622,0.04504504504504503,0.8538461538461538,0,True,,
288,572.960591133005,576.6009852216749,203.0,15.682129555955981,-13.85946164074517,1.3252499307233367,0.648920972849899,0.6880760487311697,0.6041666666666666,0.9833453591233992,0.29082339958017095,0.059113300492610876,0.8353909465020576,-1,False,,
289,397.546835443038,582.7898734177215,395.0,24.586143677814718,-21.476820910528357,8.218855186130849,0.47953742633951174,0.8835216428656345,0.48525798525798525,0.969883967200412,0.34256166713901715,0.06329113924050633,0.7424812030075187,0,True,,
290,714.9111111111112,642.2277777777778,180.0,20.283662255982026,-17.46609297083138,4.12666845881163,0.6443534678455474,0.8174354464552683,0.5882352941176471,0.9850612448321449,0.30574766778283646,0.1444444444444445,0.8181818181818182,0,True,,
291,655.5101214574898,39.08097165991903,247.0,38.18112254795385,-29.136801845335718,14.438822891317681,0.5861481618721781,0.8860168232552311,0.5717592592592593,0.8017719734294212,0.35613102375375116,0.31174089068825916,0.8045602605863192,0,True,,
292,976.9256198347107,252.11570247933884,121.0,37.88119720192187,-32.05869566038649,15.989466821562493,0.8646519837865713,0.5124237886179311,0.7756410256410257,0.9425004912802011,0.4032105803489685,0.18181818181818177,0.8962962962962963,-1,False,,
293,892.6498194945848,384.7581227436823,277.0,22.555064394093172,-19.90783713434514,6.0967749815074885,0.5991833272818521,0.8321733164741673,0.6034858387799564,0.8506560710793368,0.337570985812788,0.04693140794223827,0.8293413173652695,0,True,,
294,431.420814479638,409.9819004524887,221.0,14.879826794421932,-12.713820296948986,0.6235202348716727,0.7580626579859117,0.7427486339037132,0.6138888888888889,0.6473962626845589,0.26469649600362344,0.05882352941176472,0.8875502008032129,0,True,,
295,448.77777777777777,467.21505376344084,279.0,18.84100299771282,-17.25007920257294,4.056250192697904,0.5943388255928795,0.8575799791657287,0.58125,0.9777570443768655,0.3301170607194251,0.028673835125448077,0.850609756097561,0,True,,
296,787.68156424581,627.4748603351956,179.0,32.73523935531347,-30.554906068039987,16.444668458887723,0.8121547432346533,0.688170910526967,0.7019607843137254,0.8641194361548185,0.43641765099330987,0.03910614525139666,0.9226804123711341,0,True,,
297,683.1072555205047,635.1703470031546,317.0,34.17965781793009,-28.351603652309542,14.610766656255985,0.5588722082593535,0.8875281750321764,0.6215686274509804,0.9124389476016493,0.37184811016832614,0.12933753943217663,0.8276762402088773,0,True,,
298,35.711009174311926,647.0275229357799,218.0,36.98737851547852,-33.71372706731866,21.277335027488768,0.7775830359248844,0.7874879694748723,0.6606060606060606,0.9092384128395571,0.44878688974118014,0.07339449541284404,0.9121338912133892,0,True,,
299,171.38524590163934,648.8073770491803,244.0,28.668742459529483,-24.31556079811784,8.5923977847544,0.6877692547409308,0.7695212220457928,0.6421052631578947,0.937667723806178,0.3442654910146213,0.08196721311475408,0.8591549295774648,0,True,,
300,717.0595009596929,692.936660268714,521.0,33.630160426056186,-28.764605765004706,15.770352771371716,0.3070413069706938,0.461613396114487,0.38084795321637427,0.8919843719582182,0.3645886960448322,0.09021113243761991,0.6086448598130841,-1,False,,
301,339.31854838709677,729.4112903225806,248.0,46.236625749419375,-40.308534224978125,22.627161163256446,0.6622758116228173,0.8428570549143454,0.5134575569358178,0.9743451185284122,0.4470645236151834,0.0766129032258065,0.8701754385964913,-1,False,,
302,435.8333333333333,747.9032258064516,186.0,31.806021798727485,-27.706346249116883,13.366868727701117,0.7832519352202529,0.6603882362260398,0.62,0.9314406257803722,0.3801789593392162,0.053763440860215006,0.8815165876777251,0,True,,
303,570.3595238095238,14.05952380952381,420.0,32.872801055040185,-26.367100479066526,11.798139124904072,0.42061163040224747,0.8221149118904174,0.46875,0.9007873247776713,0.35803296674220336,0.169047619047619,0.6988352745424293,0,True,,
304,599.5075376884422,52.15075376884422,199.0,19.84091992201958,-18.044206019886538,4.360003082743119,0.7511628886568135,0.7586906905550733,0.6503267973856209,0.9664467675002975,0.3380768895149231,0.03015075376884424,0.9004524886877828,0,True,,
305,480.80727272727273,138.98181818181817,275.0,40.86723181570564,-34.249773427082225,19.7434935018247,0.3674121503567735,0.9367045282165095,0.36666666666666664,0.8770768482034856,0.3995406594059684,0.12363636363636366,0.6723716381418093,-1,False,,
306,392.29245283018867,193.69811320754718,106.0,20.73379732801195,-19.481463807063758,6.088779723121535,0.8587346021943565,0.5203214736388249,0.7412587412587412,0.9539592457267473,0.37093055473183684,0.05660377358490565,0.8983050847457628,2,False,,
307,418.0,349.15816326530614,196.0,31.108948630721066,-27.2645321396235,11.384938794732397,0.6999491713099437,0.42091689006400995,0.5429362880886427,0.9614598182391147,0.39101166817910815,0.08673469387755106,0.8521739130434782,-1,False,,
308,619.1160714285714,554.3571428571429,112.0,31.36629097235811,-27.248009758926944,13.736314935678157,0.8245927743585106,0.7469681932408138,0.8888888888888888,0.9487566029919046,0.35679419046001776,0.0714285714285714,0.9411764705882353,-1,False,,
309,411.71232876712327,617.3424657534247,292.0,26.362903291669287,-23.36040058459258,10.196210668197896,0.44396963713773485,0.8577637656145628,0.4010989010989011,0.9425781691727573,0.35593067961808755,0.06506849315068497,0.7156862745098039,-1,False,,
310,351.31111111111113,633.1555555555556,225.0,40.24333167529216,-35.98922182855647,19.90213763587435,0.7570585387156772,0.7765064973131188,0.6232686980609419,0.9781378862592909,0.4397150633070204,0.053333333333333344,0.8858267716535433,0,True,,
311,389.22592592592594,701.4962962962964,270.0,35.012379348876614,-30.744975740344685,16.150414387570592,0.5840415103469315,0.8388917760086416,0.5555555555555556,0.9374626006241198,0.42162952610739957,0.09629629629629632,0.7988165680473372,0,True,,
312,205.88235294117646,453.02941176470586,102.0,32.923528830967854,-29.471415691994938,14.702802054420358,0.7859133615445494,0.7795866005985278,0.7555555555555555,0.9759018073479334,0.40176579575328264,0.009803921568627416,0.8947368421052632,0,True,,
313,746.8418972332016,256.75889328063244,253.0,20.501808541516294,-16.256871189333744,5.35300024281443,0.3954078358737059,0.6433918267545585,0.36142857142857143,0.7874223338403249,0.27950359886814014,0.13438735177865613,0.6140776699029126,-1,False,,
314,909.5322580645161,253.8709677419355,186.0,36.73060684629734,-30.908394469825918,15.589903800988287,0.7534180943780674,0.8356791508378211,0.5758513931888545,0.9597314573744292,0.36892554844899844,0.010752688172043001,0.916256157635468,-1,False,,
315,523.0913705583756,262.81218274111677,197.0,22.343673267398035,-19.282367729282576,6.065340676891241,0.45490613180285516,0.9029526468876538,0.42094017094017094,0.9268174333318235,0.313790580002487,0.050761421319796995,0.7111913357400722,-1,False,,
316,518.3381642512078,299.15458937198065,207.0,27.468704946455254,-23.22076128969962,7.745159973079241,0.6045041416289356,0.8266397616208874,0.575,0.990676436447291,0.33950954697270325,0.0531400966183575,0.8117647058823529,0,True,,
317,450.14150943396226,310.5518867924528,212.0,35.272714133686165,-29.567174645747706,14.60373561019969,0.623711254591585,0.8029843012890576,0.5760869565217391,0.958895463707312,0.3683807598602659,0.061320754716981174,0.8185328185328186,0,True,,
318,665.0,331.0,47.0,48.163203173701866,-40.15373765635878,22.080747259698562,0.6906762875743527,0.9331610158145719,0.7230769230769231,0.9656656574695668,0.4102165315379488,0.19148936170212771,0.8545454545454545,-1,False,,
319,818.2694300518135,376.0103626943005,193.0,26.677151652170945,-23.233496553818227,9.018168829936824,0.6940737252711052,0.7897397507330154,0.5975232198142415,0.8662759303428966,0.3537793077644289,0.05699481865284972,0.8577777777777778,0,True,,
320,771.1543209876543,381.72222222222223,162.0,18.192420376866895,-17.569801152924885,4.390682554385805,0.7648250767152986,0.8238582294362902,0.6428571428571429,0.9963149777901026,0.3523455692662133,0.030864197530864224,0.8901098901098901,0,True,,
321,178.48936170212767,400.8581560283688,141.0,47.25384500910522,-40.53809019948138,27.347831899224328,0.7867732234909284,0.659517192559053,0.6294642857142857,0.8666153996126026,0.44252242338150105,0.26241134751773054,0.88125,-1,False,,
322,61.38392857142857,418.36607142857144,112.0,19.33136002034966,-16.711962333286262,4.214087411529698,0.8629636911077405,0.5213828726327853,0.6666666666666666,0.7062058954366616,0.29554376544963035,0.044642857142857095,0.8818897637795275,2,False,,
323,475.95522388059703,535.860696517413,201.0,54.28700360773773,-46.975664097804916,30.66987490030646,0.6763056279193383,0.6093528057698023,0.6222910216718266,0.9416766931761557,0.4693001648828165,0.1393034825870647,0.8445378151260504,-1,False,,
324,355.57201646090533,547.5185185185185,243.0,34.16770600132121,-29.284344862925813,14.607167905393418,0.6495962870474726,0.8746115549891964,0.6675824175824175,0.9175730646883019,0.3943668358610491,0.1440329218106996,0.8647686832740213,0,True,,
325,955.7083333333334,562.4583333333334,264.0,29.392442137488604,-27.516369296572563,12.88157850775699,0.6182173850936262,0.9242337055138452,0.5146198830409356,0.9328206944646258,0.4198820587586273,0.02651515151515149,0.8949152542372881,0,True,,
326,544.6111111111111,588.2037037037037,108.0,21.11206610639553,-19.472197596432917,6.1803942427433185,0.8407446936701435,0.552694004000127,0.6923076923076923,0.9809588869964635,0.3512098720918099,0.04629629629629628,0.8925619834710744,2,False,,
327,124.83699059561128,636.012539184953,319.0,36.21027260019663,-31.07735479146812,14.349512601890735,0.4196187178398061,0.9500892324027084,0.4027777777777778,0.9620884231825981,0.3860269849857193,0.037617554858934144,0.7435897435897436,0,True,,
328,294.3362831858407,725.2654867256637,113.0,32.00767501349767,-28.85611740063591,13.730522151482992,0.8099928570459697,0.19276324636803194,0.576530612244898,0.9806244273101334,0.3982945932487471,0.008849557522123908,0.875968992248062,-1,False,,
329,474.1461538461538,4.8,130.0,43.509873985024065,-38.106614605728076,31.644432141371972,0.42914515997802377,0.9580111835845597,0.43478260869565216,0.7281581821349951,0.45887608149876963,0.11538461538461542,0.7692307692307693,-1,False,,
330,464.6646341463415,252.89634146341464,164.0,42.57478897319885,-34.903296286821075,21.595258894084207,0.6643041262258229,0.5739181176038312,0.5394736842105263,0.8826929342637702,0.4127254816817074,0.14634146341463417,0.8324873096446701,-1,False,,
331,720.9810810810811,259.36486486486484,370.0,33.82123910433699,-27.86580564711257,13.1136551307421,0.26303480746914554,0.8295432655462398,0.34709193245778613,0.9493626364985028,0.35460051739135307,0.10810810810810811,0.5174825174825175,-1,False,,
332,1005.3783783783783,301.77027027027026,74.0,51.03216146176792,-35.999416527543026,29.145789973449038,0.5615846477199783,0.9686382924553155,0.7789473684210526,0.613975227483221,0.38001336177458633,0.3513513513513513,0.891566265060241,-1,False,,
333,463.0204081632653,323.93197278911566,147.0,49.729062874806345,-39.97837456483662,28.6378736404976,0.7478954690142359,0.7390113613183148,0.6125,0.7772684238192176,0.41598274533440466,0.13605442176870752,0.8647058823529412,-1,False,,
334,708.0707547169811,349.12264150943395,212.0,43.353575340221525,-38.51343945975225,23.26388750758884,0.5830130709385776,0.7610543137676865,0.48072562358276644,0.9586367820793728,0.4440691631357625,0.08018867924528306,0.7851851851851852,-1,False,,
335,368.6164383561644,432.5342465753425,146.0,39.770263904329866,-34.97145870455996,19.910033607698495,0.8064056331664367,0.4646581447780186,0.6083333333333333,0.8996099098904492,0.4252965183903093,0.10273972602739723,0.8848484848484849,-1,False,,
336,677.1666666666666,752.9090909090909,66.0,32.71134348584858,-29.530215490217703,13.668855221436607,0.7567014936895808,0.8848973583236831,0.673469387755102,0.9931990323644696,0.40258804686141736,0.015151515151515138,0.9295774647887324,0,True,,
337,583.0718954248366,34.248366013071895,153.0,53.60721839326912,-43.727539213125425,28.59442473965503,0.7677828201789082,0.7387116218182073,0.6375,0.8569293090331009,0.41484442129244214,0.196078431372549,0.8895348837209303,-1,False,,
338,464.37894736842105,43.036842105263155,190.0,42.142445098320046,-35.49505348665067,18.131679392917626,0.6392938771376829,0.865148552047935,0.6354515050167224,0.9847334177870499,0.38541363532605927,0.0368421052631579,0.8558558558558559,0,True,,
339,149.56194690265488,58.34070796460177,226.0,30.30390690236454,-26.74566111979062,10.795816195155624,0.5698148411808407,0.8311733210080761,0.5136363636363637,0.9637950658798218,0.38827329570740726,0.04867256637168138,0.7847222222222222,0,True,,
340,691.3870967741935,85.60645161290323,155.0,33.23799627368081,-29.046154298253786,14.708879394371126,0.8042263366883168,0.7396437276416842,0.6919642857142857,0.9233267147694865,0.443188212283196,0.16129032258064513,0.9117647058823529,0,True,,
341,19.933333333333334,274.1333333333333,90.0,27.701493786626443,-23.825782306618663,10.714592445367787,0.7526748313823614,0.6695072973842653,0.6923076923076923,0.7690415441989898,0.3400991732875506,0.11111111111111116,0.8490566037735849,0,True,,
342,721.7478991596639,294.0504201680672,119.0,17.231275345141125,-16.74219034017681,4.508858568441589,0.8877846096867132,0.5403779309516227,0.6538461538461539,0.9778194625337585,0.3524360050674246,0.008403361344537785,0.8947368421052632,2,False,,
343,92.9010989010989,316.7692307692308,91.0,31.105138334623792,-27.290465004625574,14.83140920610418,0.9045174113382337,0.725493156922717,0.7777777777777778,0.8609804707569081,0.3835900308011652,0.02197802197802201,0.9191919191919192,-1,False,,
344,512.7407407407408,340.0740740740741,135.0,27.563395011583058,-23.029886641498358,9.023772009616387,0.7802987607513852,0.7398746133742283,0.625,0.955203362305959,0.3305998424688975,0.0444444444444444,0.8823529411764706,0,True,,
345,841.8267716535433,357.0,127.0,28.20194376478775,-24.13085221125446,9.327502136455978,0.8013275664128414,0.6305846736814058,0.6479591836734694,0.9568771999182664,0.3688361268695884,0.07086614173228345,0.8819444444444444,0,True,,
346,593.8571428571429,358.968253968254,189.0,18.32251760248982,-17.162272968863963,4.396759119466989,0.7074533608440996,0.8650780343288437,0.5526315789473685,0.9171420015670635,0.34216481305304025,0.021164021164021163,0.9,0,True,,
347,653.8492063492064,404.3809523809524,126.0,49.719466198240355,-42.46102717245032,26.708929901899438,0.816307205549075,0.7468943695837991,0.6461538461538462,0.93586346601683,0.4306162226767767,0.11904761904761907,0.8936170212765957,-1,False,,
348,498.9085545722714,517.8141592920354,339.0,29.02257653651619,-26.01338765925789,10.61423910254595,0.41917187799982664,0.9528734031021465,0.36530172413793105,0.9867015927590451,0.3847450349798596,0.06194690265486724,0.7669683257918553,-1,False,,
349,219.71212121212122,565.7272727272727,132.0,16.75824813039118,-13.968885419424208,2.655511819046153,0.7641229929652352,0.7300492199067404,0.6875,0.9488528406981266,0.2636775580996817,0.09848484848484851,0.8741721854304636,0,True,,
350,201.9409090909091,570.7772727272727,220.0,50.92255275243059,-42.80977023392567,27.1757746479877,0.5108815560265099,0.40587107219955476,0.5513784461152882,0.8964651634747332,0.4250237943096594,0.18181818181818177,0.7457627118644068,-1,False,,
351,229.0,585.431279620853,211.0,51.44971880970015,-45.02851492848239,30.52083386703057,0.5904520762305858,0.7371391049989514,0.5641711229946524,0.9050659359348894,0.46350560806938823,0.09478672985781988,0.8274509803921568,-1,False,,
352,784.2732919254659,604.4223602484471,161.0,44.62285321438209,-37.10697458350397,18.758346566510106,0.7401054834113,0.8327667780369421,0.6192307692307693,0.9731542623561361,0.3951741674486895,0.09316770186335399,0.8609625668449198,0,True,,
353,295.76296296296294,629.6814814814815,135.0,15.3030973749876,-15.242026999009788,2.7036083440974674,0.8210397399122494,0.6757275353684599,0.6617647058823529,0.910484520594279,0.3466292221237112,0.007407407407407418,0.9060402684563759,0,True,,
354,770.9895833333334,651.5520833333334,96.0,23.487392249711565,-21.250272163195817,6.295390164135958,0.9235352458594918,0.3553850189015601,0.7272727272727273,0.9575576242059469,0.35357778798788786,0.0,0.9230769230769231,-1,False,,
355,692.1386554621848,662.609243697479,238.0,25.427214165482667,-22.23229131568263,8.111463865508401,0.5930905002141715,0.905295268208181,0.5446224256292906,0.9779805824035356,0.3476443133872597,0.05882352941176472,0.8654545454545455,0,True,,
356,628.4051282051282,696.2717948717949,195.0,29.098696932577262,-26.503713601908103,13.031170227622832,0.5804030905839254,0.6997126299972332,0.4875,0.9198607813089322,0.4272384383739569,0.07692307692307687,0.78,0,True,,
357,205.50980392156862,90.29411764705883,51.0,29.859961520977876,-25.229908230349096,9.75894770025371,0.789839797522126,0.8555719421082109,0.7727272727272727,0.9914611005315593,0.3516311931843851,0.0980392156862745,0.8793103448275862,-1,False,,
358,881.4786324786324,147.95726495726495,117.0,17.730313465140846,-15.469517443726073,2.8436343338907317,0.765179172382373,0.5902286830766591,0.6964285714285714,0.668870694616921,0.3010285347700119,0.017094017094017144,0.8666666666666667,-1,False,,
359,892.953488372093,230.7325581395349,172.0,48.52096218763856,-44.971502620683935,29.78447372353098,0.6740386600545243,0.8935679257650786,0.7445887445887446,0.9661349435878355,0.5118217463063639,0.011627906976744207,0.8686868686868687,-1,False,,
360,577.8285714285714,383.5238095238095,105.0,30.397838339922853,-28.727208675639012,15.020924292451406,0.7940670393993903,0.7304609890576697,0.6730769230769231,0.9517542254357111,0.440763757342384,0.00952380952380949,0.9051724137931034,0,True,,
361,582.7324675324676,473.65974025974026,385.0,40.388843326125816,-34.72154551881984,20.500469113197504,0.3013312431260098,0.8147752323552643,0.30701754385964913,0.9189438385622842,0.41023424546439924,0.10909090909090913,0.5754857997010463,-1,False,,
362,352.6231343283582,500.0186567164179,268.0,31.212262386031398,-26.362440698956597,11.744653097439752,0.4227476137768533,0.8255752123865259,0.47017543859649125,0.9666239803851541,0.3430878389348735,0.05970149253731338,0.6733668341708543,0,True,,
363,296.33093525179856,510.8848920863309,139.0,30.830659136482033,-26.130367202870286,11.664682050165577,0.8239925266710921,0.6913398757467509,0.7239583333333334,0.8478499277890157,0.3622945905294564,0.09352517985611508,0.9084967320261438,0,True,,
364,389.520325203252,557.8536585365854,123.0,27.554104329026057,-26.243518298086613,13.637896354085493,0.8603896640308459,0.6700291508756873,0.6833333333333333,0.9734881374894119,0.416623611518038,0.024390243902439046,0.9044117647058824,0,True,,
365,324.41150442477874,656.9380530973451,226.0,32.65373190204472,-30.183976435349933,17.099269095436355,0.4831457536209379,0.9201399148659231,0.5113122171945701,0.9606693499119936,0.4268147326939929,0.053097345132743334,0.7661016949152543,0,True,,
366,508.70873786407765,685.4805825242719,206.0,30.78786068191255,-28.05896719546213,12.697759433785377,0.6217206913352519,0.9160603793506099,0.6338461538461538,0.9784514634933287,0.4116960486162056,0.01941747572815533,0.8728813559322034,0,True,,
367,480.858024691358,688.9814814814815,324.0,35.997802881102544,-32.35077017797396,16.121697596233094,0.4410211369577094,0.903517068149117,0.405,0.9717402110497156,0.42891749187752054,0.05555555555555558,0.6864406779661016,0,True,,
368,955.4276315789474,724.3223684210526,152.0,33.27222708994493,-30.526013354508738,13.427758319411936,0.8275952199700225,0.7985673099910451,0.6495726495726496,0.998101707743971,0.43868916579767275,0.013157894736842146,0.8941176470588236,0,True,,
369,621.8222222222222,2.6333333333333333,90.0,30.946005140086076,-24.94139872353446,8.360881760861037,0.5905125775953207,0.9139165272766707,0.5555555555555556,0.97846676574813,0.3341935068368912,0.1333333333333333,0.8108108108108109,0,True,,
370,163.0,22.736363636363638,110.0,37.60786079482492,-28.623268462305628,11.361437356683535,0.8138227075095928,0.5468269202628583,0.6547619047619048,0.9374712692065672,0.3318276206200773,0.19999999999999996,0.88,-1,False,,
371,214.4968152866242,58.0,157.0,32.811711151552416,-27.483339997819577,13.545580298521006,0.5793597537793055,0.8392562921782573,0.5508771929824562,0.8896399628204904,0.3626078437468049,0.1146496815286624,0.7733990147783252,0,True,,
372,510.47297297297297,74.36486486486487,74.0,30.70290569608193,-25.84880490448926,9.844599584515793,0.866287747489247,0.6571615703073528,0.6166666666666667,0.9936889007284835,0.3544229305273778,0.05405405405405406,0.8705882352941177,0,True,,
373,613.1379310344828,198.3448275862069,87.0,23.246521170419392,-21.975235873865234,8.368807897112108,0.8547717434532932,0.6094706351545488,0.71900826446281,0.9775987431920808,0.39622624406869383,0.03448275862068961,0.8969072164948454,2,False,,
374,539.2761904761904,224.7904761904762,105.0,31.965198981702596,-26.37294133932933,13.057609743406019,0.7477811416127783,0.6439373717738329,0.625,0.9022819425378527,0.3744823303960618,0.18095238095238098,0.8536585365853658,0,True,,
375,479.6041666666667,242.375,192.0,42.132920468938146,-32.39834256484343,18.56574441252963,0.5794678288173224,0.9210964162037065,0.5714285714285714,0.864613415983816,0.3820241780874009,0.21354166666666663,0.8,-1,False,,
376,751.4727272727273,283.7181818181818,110.0,10.786851530989376,-10.04687283772591,-0.2572250360985852,0.838926959603789,0.7090634576335555,0.625,0.8021980209784074,0.28072372871366413,0.054545454545454564,0.8661417322834646,-1,False,,
377,699.2993630573249,290.29936305732485,157.0,34.70497777387444,-30.299141996762064,14.769888030943708,0.5759679220444995,0.8823346957732702,0.548951048951049,0.973297231516261,0.40066930480823393,0.05095541401273884,0.8010204081632653,0,True,,
378,799.4166666666666,304.5064102564103,156.0,35.781455137731335,-31.841712478965828,17.675517417012745,0.7414213324965813,0.7703129737502674,0.7058823529411765,0.9389841682635821,0.42738588268940264,0.08974358974358976,0.8571428571428571,0,True,,
379,810.9461538461538,361.6923076923077,130.0,17.652392702607187,-17.187675811004947,5.220177797634747,0.7339732776580908,0.6594046973077663,0.7142857142857143,0.7135259976753822,0.36058643483198605,0.023076923076923106,0.8552631578947368,-1,False,,
380,780.6853146853147,401.8111888111888,143.0,10.320510963728323,-8.235946928799263,-3.2064842338222945,0.6573607709802232,0.8131018006955057,0.5958333333333333,0.7759253247217699,0.2139077006832703,0.04195804195804198,0.8511904761904762,-1,False,,
381,455.2290502793296,397.74301675977654,179.0,34.65763853932069,-30.43282895029885,15.696665793792516,0.6217519536971138,0.9131128223428461,0.48641304347826086,0.9672510913630438,0.39879707267830494,0.03910614525139666,0.8647342995169082,0,True,,
382,386.4916666666667,441.5416666666667,240.0,36.23638253941185,-30.469936857625605,14.054326488667595,0.48309536480171383,0.931700637323702,0.5714285714285714,0.9235710124174754,0.37058120834020275,0.06666666666666665,0.7741935483870968,0,True,,
383,50.26865671641791,445.089552238806,201.0,36.364990136929045,-30.655410213561577,13.65522245679025,0.5127817762856336,0.9358233184259894,0.43790849673202614,0.9607384329411521,0.3761581585033616,0.04975124378109452,0.8072289156626506,0,True,,
384,345.74725274725273,443.9230769230769,91.0,21.482673771249885,-19.503512390091387,6.614219791303984,0.7916709689153898,0.669290477580297,0.5515151515151515,0.8021677025071867,0.33371109801989335,0.02197802197802201,0.8504672897196262,-1,False,,
385,185.69444444444446,476.84027777777777,144.0,28.22795349619482,-24.908512463508416,11.03614806219529,0.6619576994486162,0.8858377371604775,0.6,0.9863326864110099,0.35435341531410813,0.0625,0.8571428571428571,0,True,,
386,991.0958083832336,520.7904191616766,167.0,19.63950664322743,-16.79151518940576,3.179848272303831,0.6177654188822818,0.8857412424883198,0.521875,0.8405288407902518,0.2971049301370889,0.0359281437125748,0.8391959798994975,0,True,,
387,444.6144578313253,551.5903614457832,249.0,31.054633494699093,-27.45493221528413,12.91124808549605,0.35608874230855303,0.6739295196932593,0.3683431952662722,0.965450747664195,0.3802865655067934,0.12048192771084343,0.6148148148148148,-1,False,,
388,527.6946107784431,553.9580838323353,167.0,28.831766151088058,-25.30177785881823,10.535110869222947,0.6303728764104917,0.7794850661963226,0.5170278637770898,0.9851944061096557,0.35487745621961037,0.07185628742514971,0.835,0,True,,
389,118.24468085106383,566.2340425531914,94.0,31.951157255666427,-26.521458098051557,14.365462341949703,0.8358908183217151,0.7198103655746528,0.6714285714285714,0.7997994835072375,0.3524336169691796,0.0957446808510638,0.8703703703703703,0,True,,
390,4.585106382978723,626.7234042553191,94.0,16.691456765441842,-13.535003239471507,1.6648293218011194,0.7723916337282544,0.740792616472078,0.7121212121212122,0.6560983191779319,0.25966560523560706,0.05319148936170215,0.9038461538461539,0,True,,
391,663.7532467532468,647.8181818181819,77.0,16.41267984004351,-15.082771027667073,3.284542082269314,0.8402415311790324,0.4679813146630114,0.6363636363636364,0.977848203151257,0.305440731443368,0.012987012987012991,0.875,-1,False,,
392,720.0,661.6968085106383,188.0,15.08032377036153,-14.847453376727417,2.760248968970816,0.5245154823272857,0.9226332429753965,0.6025641025641025,0.8393956657419813,0.33543862640223604,0.03191489361702127,0.7800829875518672,0,True,,
393,392.35074626865674,664.4477611940298,134.0,25.088533520924337,-22.765318698102355,9.614795163103082,0.7295905228683094,0.8343970877938857,0.6568627450980392,0.9017539905078376,0.36388170524542013,0.02985074626865669,0.881578947368421,0,True,,
394,140.14102564102564,673.9059829059829,234.0,35.47840278720417,-30.31246491038758,13.602553953544106,0.6089250964695363,0.9082864780594563,0.624,0.9734681630745913,0.38346791980612993,0.06837606837606836,0.8327402135231317,0,True,,
395,942.6975609756098,689.1658536585365,205.0,42.99532302929136,-35.14294381049039,16.90767352028723,0.5376619686033809,0.9306367474063347,0.44372294372294374,0.9719503639674768,0.3799187304770074,0.06829268292682922,0.7824427480916031,-1,False,,
396,427.35643564356434,703.8960396039604,202.0,42.608813749546336,-38.90514379743574,22.52421327329284,0.5899025923142268,0.9064204098918847,0.6733333333333333,0.9786415817123828,0.4758431797865594,0.05940594059405946,0.8211382113821138,-1,False,,
397,1006.1666666666666,730.7916666666666,24.0,24.67461996993168,-18.531991194489862,1.6492243316225261,0.8001685916098034,0.963242571982708,0.8,0.9973544975121816,0.272318401063482,0.04166666666666663,0.9230769230769231,-1,False,,
398,155.61627906976744,738.1046511627907,86.0,27.916472102319382,-23.87610360613509,9.340348683950664,0.8163359015547743,0.4283774176423,0.7107438016528925,0.9407724114351494,0.34678304091442463,0.09302325581395354,0.9052631578947369,-1,False,,
399,296.44,2.46,50.0,19.35279220957016,-17.438630294265153,4.036270107787257,0.8957167302196746,0.8273295014079947,0.7142857142857143,0.9609331667423249,0.33293178141117097,0.040000000000000036,0.8928571428571429,-1,False,,
400,1004.1551724137931,38.89655172413793,58.0,44.273443550885034,-35.85269562697583,23.629330815648235,1.0,0.6163302425254096,0.725,0.7818394760633337,0.3834668954127821,0.1724137931034483,0.9508196721311475,3,False,,
401,422.56115107913666,187.7841726618705,139.0,37.913777998157485,-32.36595087608288,15.2802688667847,0.46507887369301437,0.937953198337686,0.39488636363636365,0.9904052645182438,0.39360437183071384,0.05755395683453235,0.6525821596244131,0,True,,
402,449.6829268292683,211.59756097560975,82.0,33.07666565274465,-29.879202283074537,14.314822348520806,0.997411239597103,0.4296908402929132,0.7454545454545455,0.995219514864247,0.41186018742439223,0.0,0.9010989010989011,-1,False,,
403,394.23728813559325,281.2542372881356,59.0,29.60989908826124,-25.168929213242063,10.678785052375428,0.8983662913737085,0.7037254809500777,0.6704545454545454,0.9644171817828033,0.35242169034683096,0.0847457627118644,0.855072463768116,0,True,,
404,163.30769230769232,351.79487179487177,78.0,41.244382760203514,-37.19291562545403,22.617125199326544,0.832471073412847,0.7036119307205435,0.6666666666666666,0.955953157100922,0.4510331807228235,0.0641025641025641,0.896551724137931,-1,False,,
405,36.57575757575758,355.92424242424244,132.0,32.81777044433231,-29.496381454089203,14.532542657096949,0.8551789772418881,0.8333805271227671,0.6346153846153846,0.8259168357560129,0.39610469208635163,0.06060606060606055,0.9230769230769231,0,True,,
406,626.6847826086956,407.25,92.0,40.95096795653237,-37.38909700113606,24.976878010694826,0.8348406299171852,0.7094038876439699,0.5897435897435898,0.9024204877407654,0.46661122208056244,0.04347826086956519,0.8679245283018868,-1,False,,
407,428.3726708074534,465.9130434782609,161.0,17.08305179199287,-14.395112218945341,2.3679142377330358,0.5789941438790047,0.8537265811981988,0.5649122807017544,0.9395968932542742,0.29618076434046586,0.09316770186335399,0.8009950248756219,0,True,,
408,634.8342857142857,472.4342857142857,175.0,37.299077766581235,-34.55214650325686,17.537056205837946,0.6293414607380486,0.9203956027704735,0.5434782608695652,0.9887768912315369,0.47152574121952057,0.03428571428571425,0.8536585365853658,0,True,,
409,604.6578947368421,481.5921052631579,76.0,56.27371772017544,-48.08805240846692,34.238162678952484,0.9244299293826808,0.7135296226143755,0.6909090909090909,0.8367327710515574,0.4479045475784101,0.03947368421052633,0.8941176470588236,-1,False,,
410,449.3625,508.3375,80.0,18.995031106110627,-16.72111327405386,3.2199937647529886,0.9585572311415079,0.6023643739165062,0.6666666666666666,0.9934122115373611,0.30971192605793474,0.0,0.8888888888888888,-1,False,,
411,278.1203703703704,506.462962962963,108.0,31.450588535947595,-27.541170454951498,13.302154882784201,0.6242390086011081,0.8949133159486378,0.48,0.9646629768389242,0.3826188038068789,0.04629629629629628,0.7769784172661871,0,True,,
412,331.7037037037037,557.3333333333334,81.0,32.10577969737895,-24.77118124258047,9.87451664899344,0.8910199763400901,0.6343855634127682,0.675,0.8870188174424348,0.353885872312534,0.2962962962962963,0.9,0,True,,
413,308.6746031746032,587.4920634920635,126.0,28.26513515425466,-25.289379299911978,13.938823069193683,0.6801559541362001,0.8323344926638528,0.49411764705882355,0.8823931720994768,0.3899154519987485,0.11904761904761907,0.8129032258064516,0,True,,
414,315.11842105263156,604.6315789473684,152.0,19.182514234443232,-16.803481619061603,4.010038096535397,0.5703554836814566,0.917499269764692,0.5170068027210885,0.980874071780004,0.30579878242784425,0.06578947368421051,0.8,0,True,,
415,505.7951807228916,668.7469879518072,83.0,17.288187148491094,-17.864037787310238,4.940719725831216,0.9398141809907938,0.6645741008199422,0.7685185185185185,0.999646688082132,0.3791508478931634,0.0,0.9021739130434783,-1,False,,
416,849.5340909090909,677.2727272727273,88.0,38.37490271168935,-36.44414410019578,21.103551216906926,0.9042474527884365,0.7000322365364303,0.676923076923077,0.9778977659615603,0.5003182061693885,0.022727272727272707,0.8888888888888888,3,False,,
417,960.6384615384616,679.0076923076923,130.0,22.519760163731345,-18.347158224810244,3.5307736626808603,0.626180670452741,0.6195486664183585,0.5803571428571429,0.8528789772437169,0.3067686541722371,0.15384615384615385,0.7975460122699386,-1,False,,
418,564.0996168582376,702.8045977011494,261.0,41.26138400227212,-35.969383030359495,18.293683966730992,0.3416261204798519,0.933704217207672,0.33896103896103896,0.9830771296417119,0.42333915538486394,0.09961685823754785,0.6083916083916084,-1,False,,
419,444.4124293785311,725.1525423728814,177.0,29.83515031378191,-25.5772011552471,13.40062822917944,0.5302019684751467,0.8713699952649004,0.44360902255639095,0.8721147582019116,0.38383492103404243,0.12994350282485878,0.6833976833976834,0,True,,
420,102.58252427184466,746.4466019417475,103.0,25.92634171567258,-21.32346081068621,5.942816986267072,0.726357570356005,0.29388366328210364,0.6130952380952381,0.9505865880586568,0.3111583835002288,0.10679611650485432,0.8442622950819673,-1,False,,
421,302.7435897435897,33.743589743589745,78.0,21.467101540287338,-17.940855863556685,4.727095096065492,0.9150979916160757,0.36490141190383113,0.78,0.6132061703082843,0.3130191735541209,0.16666666666666663,0.9069767441860465,-1,False,,
422,734.5813953488372,47.47674418604651,86.0,38.88180033633015,-33.28363549080809,16.42522510239733,0.8432702331069342,0.6115085793587125,0.6515151515151515,0.9793098263962324,0.4049740378246751,0.046511627906976716,0.8775510204081632,-1,False,,
423,695.3164556962025,155.35443037974684,79.0,46.77676790257174,-41.81765866262106,25.04553330307743,0.8690194830971253,0.6564817943145027,0.6528925619834711,0.9767415138739574,0.470603764434404,0.07594936708860756,0.8777777777777778,-1,False,,
424,393.13157894736844,342.8157894736842,38.0,29.148621765549898,-26.89786720881153,13.075292836425943,0.9956925618312445,0.7157678328349458,0.6785714285714286,0.9637599179619237,0.4142939173861554,0.02631578947368418,0.9047619047619048,0,True,,
425,623.8352941176471,671.5294117647059,85.0,14.494637632296966,-12.890937144342889,0.6661353751658379,0.8838588201421491,0.6019726768925603,0.6439393939393939,0.9786348991534289,0.2862292989211924,0.04705882352941182,0.8854166666666666,0,True,,
426,321.59154929577466,15.690140845070422,71.0,55.64299289465649,-52.10458125312006,41.70168510347193,0.854465646874749,0.4839507173060846,0.7888888888888889,0.8936537008889964,0.5579010718305346,0.0,0.8875,-1,False,,
427,485.9879518072289,23.066265060240966,166.0,26.969995734280918,-23.974836460519267,11.919679755963955,0.5805881472728472,0.9303539738741438,0.5551839464882943,0.8339873999357224,0.3783213180231761,0.09036144578313254,0.7867298578199052,0,True,,
428,545.5842696629213,165.79775280898878,89.0,33.685032494302554,-25.80091845734704,11.704366381481885,0.7060830265232525,0.7699028492673242,0.6357142857142857,0.8890466415480281,0.31594368463821626,0.2134831460674157,0.8317757009345794,0,True,,
429,570.3508771929825,187.56140350877192,57.0,33.668188237843545,-30.86904739593177,15.635206103957985,0.8890245777851697,0.6423185451611697,0.6333333333333333,0.9770352563314271,0.4380517711764888,0.03508771929824561,0.8636363636363636,0,True,,
430,822.7636363636364,249.74545454545455,55.0,26.070539871865876,-23.002900882828342,7.940063381212398,0.8748948787230382,0.6039878511500716,0.6875,0.7725362300872802,0.3586179326881062,0.036363636363636376,0.873015873015873,0,True,,
431,681.0166666666667,251.5,60.0,21.262218379621363,-19.43676454111653,7.685149141320493,0.8298757520103456,0.5003491998771487,0.75,0.9121317232648531,0.3637042924761772,0.050000000000000044,0.8955223880597015,2,False,,
432,548.3863636363636,302.75,44.0,36.000174951625176,-31.68949062621816,16.434813316677605,0.9042474527884363,0.7436476752107121,0.6285714285714286,0.9913248501040719,0.3916024135595018,0.0,0.8461538461538461,0,True,,
433,824.4507042253521,352.88732394366195,71.0,46.96980043004861,-39.41339664564982,23.85102847821265,0.7471580932069275,0.6325399725346217,0.6574074074074074,0.8993000917031732,0.46949449685257927,0.2535211267605634,0.8255813953488372,-1,False,,
434,144.1,356.46,50.0,37.88714259842504,-34.09966890707993,20.81347400367502,0.8795276071345476,0.5883198306037135,0.6944444444444444,0.9360757887363433,0.431193380355835,0.0,0.8771929824561403,3,False,,
435,312.02941176470586,365.11764705882354,34.0,47.55968156040822,-41.69122074209844,26.181103691782315,0.9109573275738239,0.8728731027453182,0.7555555555555555,0.9571890392724205,0.4452308512785855,0.11764705882352944,0.8717948717948718,-1,False,,
436,409.95412844036696,382.8440366972477,109.0,34.53221805935115,-31.479719094202313,17.941640778297977,0.5592130132572377,0.9192338260686926,0.5736842105263158,0.948795029876429,0.4267431381372137,0.07339449541284404,0.8074074074074075,0,True,,
437,927.2417582417582,389.1758241758242,91.0,13.511248884757698,-11.858721851765365,-1.501024506735725,0.8922975722410578,0.7439094960282938,0.6363636363636364,0.8169391580990383,0.2669879321704854,0.03296703296703296,0.900990099009901,-1,False,,
438,240.25757575757575,400.2651515151515,132.0,39.720340200112304,-34.411429947581055,20.18110713578875,0.6206234275089818,0.9242323232447054,0.4631578947368421,0.906974597184947,0.4157583972044063,0.06818181818181823,0.8048780487804879,-1,False,,
439,27.45967741935484,451.56451612903226,124.0,27.964286718437435,-23.18456353864259,8.73402962750753,0.6580132934186742,0.8882598280748384,0.5020242914979757,0.9707672615205089,0.32096483678587023,0.048387096774193505,0.8435374149659864,0,True,,
440,554.3068181818181,462.2443181818182,176.0,32.961320730001006,-29.54287101593206,17.02707701155774,0.3369936761185854,0.9758466807503693,0.5,0.9195780478079211,0.41007371831007977,0.05681818181818177,0.6666666666666666,-1,False,,
441,593.1232876712329,522.2876712328767,73.0,55.929546785288416,-46.987628581507956,31.705961724999252,0.8879392742754697,0.6150812725788241,0.6759259259259259,0.8775624367472243,0.44084777631988264,0.20547945205479456,0.8795180722891566,-1,False,,
442,277.4117647058824,574.6235294117647,85.0,15.22559262686833,-14.393992310474825,1.9776787376163096,0.7887820059035471,0.7241302199024248,0.6538461538461539,0.979114796484218,0.32411962379427517,0.02352941176470591,0.8585858585858586,0,True,,
443,618.6774193548387,611.5483870967741,93.0,23.669756696949392,-20.355955239921133,8.26342120430328,0.7178307242870642,0.6697732227270307,0.5961538461538461,0.9262236776531384,0.34792982762859714,0.07526881720430112,0.808695652173913,0,True,,
444,773.5,625.5540540540541,74.0,44.126063082698465,-40.128119351567896,25.601177613420592,0.8554386414163336,0.6152778992912635,0.6727272727272727,0.9360657688733693,0.4942432452698012,0.1351351351351351,0.8809523809523809,3,False,,
445,519.4485981308411,654.0934579439253,107.0,26.88013460493323,-24.641101335216174,11.491103098316637,0.7387404148949854,0.8603413909863888,0.5095238095238095,0.9622296908191431,0.3837907376968972,0.009345794392523366,0.8699186991869918,0,True,,
446,371.36486486486484,699.5,74.0,30.373738604452488,-26.54885460998973,12.770590418413917,0.8681698894819181,0.464014146603709,0.74,0.9064916021920539,0.4264223688357585,0.17567567567567566,0.8809523809523809,-1,False,,
447,93.23255813953489,717.8953488372093,86.0,38.21501976637049,-35.98255960524956,22.0740433956291,0.8163359015547743,0.8150520418787323,0.6825396825396826,0.9164669250333032,0.48126683540122456,0.011627906976744207,0.8686868686868687,0,True,,
448,149.9746835443038,750.3417721518987,79.0,41.26148481203869,-34.27160787228236,16.81908029613201,0.8117675996623466,0.7777690370286139,0.6583333333333333,0.9681240599366683,0.3819402403469327,0.07594936708860756,0.8876404494382022,0,True,,
449,291.9148936170213,749.3829787234042,94.0,12.757371801100406,-11.531795763180684,0.06679885435169013,0.7549276178116946,0.8501912655837375,0.6714285714285714,0.9115488839910385,0.2797816319668547,0.03191489361702127,0.8785046728971962,0,True,,
450,44.935064935064936,25.337662337662337,77.0,55.64696301179907,-49.044953765350755,37.03654243720745,0.7550210226655104,0.8299339613081874,0.5703703703703704,0.8503683371977373,0.4831915819025659,0.025974025974025983,0.8461538461538461,-1,False,,
451,542.1237113402062,180.60824742268042,97.0,29.098245783273082,-23.388130218368758,9.641893711174758,0.7297449477487369,0.8613148960033092,0.6736111111111112,0.9396377199703885,0.312451836989098,0.030927835051546393,0.8660714285714286,0,True,,
452,494.12745098039215,211.15686274509804,102.0,19.686734920507547,-18.154316773021495,6.238020436628372,0.7336323313746395,0.8890127839698355,0.6375,0.8406617793382383,0.33568481155032037,0.05882352941176472,0.8571428571428571,0,True,,
453,35.05050505050505,231.96969696969697,99.0,34.580989184724494,-29.493787249398853,14.73364354302151,0.641384232931416,0.8742384871185096,0.515625,0.9313020176357694,0.384888932861463,0.09090909090909094,0.7983870967741935,0,True,,
454,728.8148148148148,343.9259259259259,54.0,19.26029973507741,-17.032514178451212,6.892717711527998,0.9095828925138422,0.26775914836878595,0.75,0.8425092382563485,0.3320579746807063,0.09259259259259256,0.8709677419354839,-1,False,,
455,49.285714285714285,386.74285714285713,35.0,59.021796270307135,-52.64666389333987,41.542906473084045,0.9346804834131577,0.7210661450043824,0.6481481481481481,0.8194504618644715,0.5022754047598158,0.0,0.8333333333333334,-1,False,,
456,393.05882352941177,403.3058823529412,85.0,28.43618755961882,-26.241104461403737,12.192439661395944,0.7475984660643655,0.8327034284938198,0.6746031746031746,0.983065103783327,0.40251443929531994,0.03529411764705881,0.85,0,True,,
457,549.7916666666666,494.65277777777777,72.0,22.234722863567512,-20.00422903096198,6.467559012564426,0.7652616567572227,0.6372528433726636,0.6,0.9903109338548448,0.3376099326544338,0.02777777777777779,0.8372093023255814,0,True,,
458,74.37037037037037,540.1234567901234,81.0,50.55234567360472,-42.61803737857052,23.049414582797,0.7545745729014236,0.8036092039572699,0.7788461538461539,0.9890697951670047,0.4170023096196445,0.03703703703703709,0.8804347826086957,-1,False,,
459,528.6823529411764,570.6117647058824,85.0,13.010223699779813,-12.35809768690745,0.0017398144767037074,0.7713201472060951,0.8028255333570617,0.6746031746031746,0.9814882615033318,0.30237754583358767,0.0117647058823529,0.8673469387755102,0,True,,
460,190.06711409395973,664.8724832214765,149.0,35.20794715198522,-29.358064991309117,14.938789392810712,0.4789191154414663,0.8882569726879813,0.4837662337662338,0.8675085776204231,0.3588163102133162,0.1476510067114094,0.7339901477832512,0,True,,
461,374.78333333333336,676.8416666666667,120.0,49.85910885008108,-41.0648701079292,21.453139518728953,0.5229582840973234,0.914490181659917,0.5454545454545454,0.9730735336740811,0.4029484525322914,0.17500000000000004,0.75,-1,False,,
462,586.9245283018868,11.377358490566039,53.0,9.601365343629496,-9.195232731600747,-2.2055945775919454,0.9567068872676384,0.44724416894058255,0.5888888888888889,0.3160959707116181,0.2710383821208522,0.0,0.8833333333333333,-1,False,,
463,649.7234042553191,158.87234042553192,47.0,43.424226274929794,-39.22676916426747,23.74014109143809,0.9794451528328223,0.5522686179637385,0.5875,0.9846490532793897,0.4627680607298587,0.021276595744680882,0.8703703703703703,-1,False,,
464,639.425,200.225,40.0,54.373731410037294,-47.980699242956554,31.594149833137255,0.9941987258216345,0.4467460048845196,0.7142857142857143,0.9665974542498589,0.4710959017276764,0.025000000000000022,0.8695652173913043,-1,False,,
465,735.0439560439561,231.05494505494505,91.0,20.974596984410628,-18.468705124513058,5.408512309023345,0.6846060850013923,0.9173063741403149,0.4666666666666667,0.9879931578269372,0.32292523914641075,0.02197802197802201,0.8666666666666667,-1,False,,
466,877.4754098360655,252.80327868852459,61.0,22.52848216864225,-18.598420812229815,5.582365117561031,0.8209879264294455,0.7836208548280464,0.6354166666666666,0.77606799465711,0.30795912139239856,0.180327868852459,0.8356164383561644,0,True,,
467,867.7818181818182,274.5272727272727,55.0,18.655953162497763,-18.1106145298047,7.526413316693909,0.8726868867141324,0.7638640626259112,0.625,0.726855888149955,0.372446470098062,0.036363636363636376,0.873015873015873,0,True,,
468,411.6666666666667,302.17543859649123,57.0,53.653136707940746,-46.826924502557446,32.1811771451807,0.9178811931232562,0.643499370240248,0.6333333333333333,0.908973753452301,0.4569770704235947,0.01754385964912286,0.8636363636363636,-1,False,,
469,548.5593220338983,331.22033898305085,59.0,44.46915773101454,-36.15823904323866,18.243408805350054,0.762736582991308,0.45790890984724636,0.59,0.8718214257288788,0.37138101862648787,0.13559322033898302,0.8194444444444444,-1,False,,
470,219.58510638297872,386.031914893617,94.0,37.141566165421764,-34.289238268717845,21.370932275712498,0.46716833332853824,0.9517868863599533,0.4351851851851852,0.8999788570911327,0.45648575597938074,0.04255319148936165,0.734375,-1,False,,
471,150.35849056603774,407.188679245283,53.0,45.12860615308447,-38.270552278928925,20.153754376169395,0.9322992635626204,0.6113520133633273,0.654320987654321,0.9832884095749765,0.41836378934248436,0.09433962264150941,0.8983050847457628,3,False,,
472,845.4237288135594,416.728813559322,59.0,37.92763876583354,-31.738846212607392,15.892777183017778,0.8983662913737083,0.6331878938847992,0.6555555555555556,0.9318757400674335,0.39619827523069867,0.10169491525423724,0.8805970149253731,-1,False,,
473,504.5507246376812,462.17391304347825,69.0,22.53465144008326,-21.675254798499594,8.159588885440414,0.8707338910627727,0.7629102961834966,0.6272727272727273,0.9834543017373569,0.39459382926208386,0.01449275362318836,0.8846153846153846,0,True,,
474,759.6181818181818,526.2363636363636,55.0,28.685343224910962,-24.228045495410075,12.487886901267377,0.9101839956900596,0.6940125893643404,0.6111111111111112,0.8862628156488592,0.4462465377016501,0.1454545454545455,0.859375,0,True,,
475,575.1739130434783,619.1521739130435,46.0,41.653819252885384,-35.50628155778079,18.9955945239516,0.991782235392871,0.5196866325938222,0.6388888888888888,0.96531357454217,0.4010431889606559,0.0,0.8679245283018868,-1,False,,
476,528.1034482758621,635.2873563218391,87.0,51.57588286070628,-46.34720627486977,30.506259818860485,0.7327195523028173,0.8655503647755602,0.5178571428571429,0.9689005654433678,0.48732984340053864,0.02298850574712641,0.8365384615384616,-1,False,,
477,425.82456140350877,645.3157894736842,57.0,47.791253343776106,-41.01913914404345,23.04740258502197,0.9432815955333343,0.6933740825892272,0.6477272727272727,0.9838061813722577,0.4258382811880948,0.01754385964912286,0.890625,-1,False,,
478,982.7755102040817,650.795918367347,49.0,15.70084252026917,-12.967044420340631,0.07626742842066854,0.9009979798050608,0.48613734806436343,0.6805555555555556,0.22222060330060064,0.2678883942414303,0.020408163265306145,0.8596491228070176,-1,False,,
479,645.5526315789474,677.078947368421,38.0,55.048484691662296,-50.05585960532092,34.75836462606054,1.0,0.3833547219606219,0.7755102040816326,0.9819755052265368,0.503721642651056,0.0,0.9047619047619048,-1,False,,
480,125.70833333333333,680.2916666666666,48.0,16.526841504127592,-13.974604739652547,1.9181630790365405,0.9569191263959742,0.4415991220661815,0.6666666666666666,0.4246618462105592,0.27880716246242326,0.02083333333333337,0.8571428571428571,-1,False,,
481,625.1964285714286,720.0,56.0,30.09407919756023,-27.73787055073445,12.996283046254192,0.9850709199906935,0.5980223511112148,0.691358024691358,0.9357876288039344,0.408948257033314,0.017857142857142905,0.8888888888888888,-1,False,,
482,555.5454545454545,723.4545454545455,55.0,44.75174901674135,-38.53365737751119,21.656483975189218,0.8234906845804334,0.7829904001688613,0.6111111111111112,0.9829905509948731,0.4165205018086867,0.036363636363636376,0.859375,0,True,,
483,164.59649122807016,34.85964912280702,57.0,25.553215171429418,-21.421948790355028,5.608610499067432,0.8199420174187149,0.7769372678498857,0.6477272727272727,0.9277071994647645,0.32948842670833856,0.08771929824561409,0.8382352941176471,0,True,,
484,231.82051282051282,60.82051282051282,39.0,33.94927234354249,-27.69394717437557,11.55077292607115,0.7753006382899145,0.6919236970648857,0.6190476190476191,0.9580291433212085,0.362194102926132,0.17948717948717952,0.8125,0,True,,
485,132.55555555555554,69.41666666666667,36.0,37.95218582989805,-35.52849474309622,20.007101791528164,0.9958509024124149,0.676637791627137,0.6428571428571429,0.9825452168782552,0.4890282667345471,0.05555555555555558,0.8571428571428571,-1,False,,
486,549.2368421052631,83.92105263157895,38.0,49.2700223182772,-38.13439200737238,20.165487693558315,0.8481526948271003,0.7536603036238028,0.6031746031746031,0.9129338209566317,0.3623270937486699,0.1842105263157895,0.7916666666666666,-1,False,,
487,115.97297297297297,114.83783783783784,37.0,31.01945628092192,-24.2225347369689,10.441621272486254,0.9001028259778735,0.7342759222440658,0.5873015873015873,0.9040024546352593,0.333179776330252,0.1351351351351351,0.8409090909090909,0,True,,
488,167.04347826086956,115.47826086956522,46.0,24.78331176117294,-19.18102053577058,5.519415938417192,0.8458348381843428,0.8013420017227503,0.5974025974025974,0.7209992564242819,0.2909029203912486,0.15217391304347827,0.8518518518518519,0,True,,
489,212.25,121.0,32.0,18.70995122034154,-15.863087171400853,4.101526457632304,0.8852008021443688,0.3083521052089219,0.6530612244897959,0.9000053461641073,0.2886396674439311,0.0,0.8205128205128205,-1,False,,
490,882.2222222222222,124.0,27.0,29.413710218305713,-23.771029434721047,8.260613802700876,0.9929365491729241,0.55320249564782,0.6428571428571429,0.9901409767292164,0.3259605445243694,0.0,0.8181818181818182,-1,False,,
491,424.40625,133.25,32.0,42.96742175167842,-38.36842181454462,21.74110662196055,1.0,0.5818093157309345,0.7619047619047619,0.9818726647645235,0.44743381161242723,0.03125,0.8888888888888888,-1,False,,
492,861.4571428571429,163.4,35.0,20.706632169006777,-16.634056853556974,3.3625511847308305,0.9681883773454034,0.6620318296346671,0.625,0.8988022361482892,0.2969654551574162,0.11428571428571432,0.8333333333333334,-1,False,,
493,818.0344827586207,196.10344827586206,29.0,11.919982746805905,-10.263984381877645,-1.8182429145627952,0.9202879896258125,0.48214643960672965,0.6904761904761905,0.583661739168496,0.2546904025406673,0.0,0.8285714285714286,-1,False,,
494,655.3061224489796,227.42857142857142,49.0,32.60682949569762,-29.609084759796513,13.548331001774326,0.6265443875792128,0.5023114191356051,0.5444444444444444,0.9983894691175345,0.4189423280102866,0.04081632653061229,0.7538461538461538,-1,False,,
495,760.4117647058823,233.23529411764707,34.0,32.11677743835462,-28.822527030938403,16.05172606761711,0.9405258522783919,0.5707615405086368,0.6938775510204082,0.9163732958190581,0.4168839998104993,0.08823529411764708,0.85,-1,False,,
496,677.2413793103449,233.79310344827587,29.0,42.58970860202217,-37.784436025307045,21.798853767188504,0.9202879896258125,0.6148082654191671,0.6904761904761905,0.993223864456703,0.4347373730149762,0.0,0.8529411764705882,3,False,,
497,224.22222222222223,244.0,27.0,25.662222629938015,-24.70190659791139,11.348606412364743,0.9929365491729241,0.55320249564782,0.6428571428571429,0.988588845288312,0.4186487981566676,0.0,0.8181818181818182,-1,False,,
498,925.3488372093024,249.40697674418604,86.0,26.07701601066539,-21.136700221345052,7.360476772765694,0.6547415343910078,0.8994127928905328,0.5119047619047619,0.9406774837610333,0.30598639488913293,0.05813953488372092,0.8113207547169812,0,True,,
499,449.8918918918919,254.0,37.0,32.94121890641386,-29.257475301746723,16.276289843971437,0.8554386414163334,0.76674562673078,0.5873015873015873,0.9304439989296166,0.3975201945852589,0.08108108108108103,0.8222222222222222,0,True,,
500,481.90625,255.78125,32.0,27.294775107904176,-24.788722110285313,11.725189402141096,1.0,0.30876064896481387,0.6530612244897959,0.9523179549723864,0.37933169584721327,0.0,0.8648648648648649,-1,False,,
501,548.7777777777778,284.0,27.0,54.329066936880906,-47.61000826527922,30.500065883763902,0.9929365491729241,0.55320249564782,0.6428571428571429,0.9878501560952928,0.45975830047218885,0.0,0.8181818181818182,-1,False,,
502,83.8440366972477,298.651376146789,109.0,45.65596278438316,-38.88796012374806,26.884160203040082,0.38655354042100076,0.9521902942424805,0.3562091503267974,0.7658595101002159,0.4127625615224926,0.12844036697247707,0.6606060606060606,-1,False,,
503,208.10714285714286,300.42857142857144,56.0,29.373793264166647,-25.998670839029423,12.246520532362444,0.8885539210180257,0.6891844835054723,0.7,0.933081249573401,0.38739314089928356,0.0357142857142857,0.8615384615384616,0,True,,
504,17.424242424242426,329.54545454545456,33.0,22.74176929463377,-17.33157456376265,10.878229223651715,0.9128633272113804,0.7293121047532725,0.6875,0.7046988299398711,0.2865305443604787,0.09090909090909094,0.868421052631579,-1,False,,
505,495.4736842105263,342.5921052631579,76.0,30.468554582723318,-27.045537472729574,12.34918061127746,0.525587976273219,0.9233688053953703,0.3877551020408163,0.9852205389424374,0.3883829226619319,0.052631578947368474,0.6846846846846847,-1,False,,
506,245.02857142857144,387.57142857142856,35.0,44.20312658985407,-41.57914543695191,30.03005793642886,0.9681883773454034,0.6077915055614563,0.625,0.9224318334034511,0.526423852784293,0.05714285714285716,0.8333333333333334,-1,False,,
507,381.1296296296296,407.6111111111111,54.0,37.66481972069848,-32.835949864225945,15.661287947593214,0.8422338105333187,0.7508420829554323,0.6,0.984436943575188,0.4154947217967775,0.12962962962962965,0.84375,0,True,,
508,406.70588235294116,446.7843137254902,51.0,41.17440806832637,-33.62728624093663,18.182899260009457,0.6681621138604407,0.6590470357224976,0.5795454545454546,0.9163376078301785,0.40912307959561256,0.13725490196078427,0.796875,0,True,,
509,827.125,453.5,24.0,27.775210195767297,-25.116736574478015,10.572800735079431,1.0,0.7094845289635756,0.6857142857142857,0.8997936025261879,0.3875257298350334,0.0,0.8571428571428571,0,True,,
510,298.5,468.5,36.0,36.51490335871679,-31.56944401051804,17.671171386892308,0.9227272612294993,0.6848105703341467,0.5625,0.92000602848,0.4034016239974234,0.08333333333333337,0.8181818181818182,0,True,,
511,371.5217391304348,507.9130434782609,46.0,30.262339919883097,-26.93134451576307,12.358108149626196,0.9021030400678829,0.7804915288689991,0.6571428571428571,0.9663945242114689,0.38796590398187225,0.021739130434782594,0.8518518518518519,0,True,,
512,141.0,545.75,32.0,37.508096344024835,-31.211599877444804,21.799397496282452,0.8852008021443688,0.3083521052089219,0.6530612244897959,0.7037687292322516,0.3810041006654501,0.03125,0.8205128205128205,-1,False,,
513,860.2820512820513,610.9230769230769,39.0,16.275293115979043,-15.284585785483287,3.2008109860067044,1.0,0.48139173054938256,0.6964285714285714,0.9229939595246927,0.3274330748961522,0.0,0.8863636363636364,-1,False,,
514,695.4,623.6181818181818,55.0,19.266678773161512,-15.370584100576806,3.8002357642918674,0.8726868867141324,0.6408911427380444,0.6875,0.9415256153453481,0.2697761768644506,0.09090909090909094,0.859375,0,True,,
515,604.0,656.0,39.0,55.869306542625544,-48.34874868350677,34.44805699276033,0.9016785679793784,0.7508860014902679,0.6190476190476191,0.8903586321916336,0.47210597609862304,0.1282051282051282,0.8297872340425532,-1,False,,
516,183.10344827586206,679.4367816091954,87.0,48.38162402549888,-41.53771636627189,22.855587427442856,0.6257452238195454,0.9239193749116277,0.6041666666666666,0.971758446474185,0.44033729413460043,0.09195402298850575,0.87,-1,False,,
517,123.02564102564102,707.1025641025641,39.0,44.873624447618546,-38.20042464207771,21.992933236908986,0.9016785679793784,0.7639397871953331,0.6190476190476191,0.9535166988006005,0.4156207205393376,0.10256410256410253,0.8297872340425532,-1,False,,
518,531.9076923076923,713.723076923077,65.0,25.607634119892538,-25.985943445263775,11.076553798662367,0.690861217905826,0.9009812896187831,0.49242424242424243,0.9927723426085252,0.47501482184116656,0.03076923076923077,0.8125,0,True,,
519,491.02702702702703,714.8378378378378,37.0,26.63817182725007,-24.138701460749132,10.640717942775352,0.9001028259778735,0.7342759222440658,0.5873015873015873,0.9594027303360604,0.3869798497573749,0.1351351351351351,0.8409090909090909,0,True,,
520,494.7821782178218,728.3366336633663,101.0,23.433940739291,-19.70404063262595,6.036896907216153,0.5314293479852089,0.9515126874205506,0.4089068825910931,0.9682994797678277,0.30709154992410453,0.08910891089108908,0.7709923664122137,-1,False,,
521,349.04,746.54,50.0,33.1454970347699,-31.093080798283005,15.768721715245134,0.8274399960818724,0.7860897067232391,0.625,0.981349288225174,0.4534620535373688,0.0,0.847457627118644,0,True,,
